:020000040800F2
:10000000000002209D7500088D5300088F530008E2
:100010009153000893530008955300080000000016
:10002000000000000000000000000000E172000875
:100030009753000800000000117300088D7200083B
:10004000ED750008ED750008ED750008ED75000808
:10005000ED750008ED750008ED750008ED750008F8
:10006000ED750008ED750008ED750008995300085E
:10007000ED750008ED750008ED750008ED750008D8
:10008000ED750008ED750008ED750008ED750008C8
:10009000ED750008ED750008ED750008ED750008B8
:1000A000ED750008ED750008ED750008ED750008A8
:1000B000ED750008ED750008ED750008ED75000898
:1000C000ED750008ED750008ED750008ED75000888
:1000D000ED750008ED750008A9530008B953000834
:1000E000ED750008ED750008ED750008ED75000868
:1000F000ED750008ED750008ED750008ED75000858
:10010000ED750008ED750008ED750008ED75000847
:10011000ED750008ED750008ED750008C95300087D
:10012000ED750008ED750008D9530008ED7500085D
:10013000ED750008ED750008ED750008ED75000817
:10014000ED750008ED750008ED750008ED75000807
:10015000ED750008ED750008ED750008ED750008F7
:10016000ED750008ED750008ED750008ED750008E7
:10017000ED750008ED750008ED7500080000000041
:08018000ED750008ED750008A3
:1001900081F0004102E000BF83F0004330B54FEA38
:1001A00041044FEA430594EA050F08BF90EA020FA5
:1001B0001FBF54EA000C55EA020C7FEA645C7FEA38
:1001C000655C00F0E2804FEA5454D4EB5555B8BF5B
:1001D0006D420CDD2C4480EA020281EA030382EACC
:1001E000000083EA010180EA020281EA0303362D5E
:1001F00088BF30BD11F0004F4FEA01314FF4801C31
:100200004CEA113102D0404261EB410113F0004F42
:100210004FEA03334CEA133302D0524263EB4303F9
:1002200094EA050F00F0A780A4F10104D5F1200E97
:100230000DDB02FA0EFC22FA05F2801841F10001F2
:1002400003FA0EF2801843FA05F359410EE0A5F1C6
:1002500020050EF1200E012A03FA0EFC28BF4CF0F7
:10026000020C43FA05F3C01851EBE37101F00045AD
:1002700007D54FF0000EDCF1000C7EEB00006EEBBA
:100280000101B1F5801F1BD3B1F5001F0CD3490844
:100290005FEA30004FEA3C0C04F101044FEA44529B
:1002A00012F5800F80F09A80BCF1004F08BF5FEA22
:1002B000500C50F1000041EB045141EA050130BD02
:1002C0005FEA4C0C404141EB0101013C28BFB1F514
:1002D000801FE9D291F0000F04BF01460020B1FA5F
:1002E00081F308BF2033A3F10B03B3F120020CDA32
:1002F0000C3208DD02F1140CC2F10C0201FA0CF010
:1003000021FA02F10CE002F11402D8BFC2F1200C74
:1003100001FA02F120FA0CFCDCBF41EA0C0190402A
:10032000E41AA2BF01EB0451294330BD6FEA040473
:100330001F3C1CDA0C340EDC04F11404C4F120025E
:1003400020FA04F001FA02F340EA030021FA04F370
:1003500045EA030130BDC4F10C04C4F1200220FAC7
:1003600002F001FA04F340EA0300294630BD21FA05
:1003700004F0294630BD94F0000F83F4801306BFCB
:1003800081F480110134013D4EE77FEA645C18BFBF
:100390007FEA655C29D094EA050F08BF90EA020F56
:1003A00005D054EA000C04BF1946104630BD91EA4E
:1003B000030F1EBF0021002030BD5FEA545C05D151
:1003C0004000494128BF41F0004130BD14F5800490
:1003D0003CBF01F5801130BD01F0004545F0FE4104
:1003E00041F470014FF0000030BD7FEA645C1ABF39
:1003F000194610467FEA655C1CBF0B46024650EA70
:10040000013406BF52EA033591EA030F41F400219B
:1004100030BD00BF90F0000F04BF0021704730B521
:100420004FF4806404F132044FF000054FF00001F6
:1004300050E700BF90F0000F04BF0021704730B5B7
:100440004FF4806404F1320410F0004548BF40428C
:100450004FF000013EE700BF42004FEAE2014FEAE1
:1004600031014FEA02701FBF12F07F4393F07F4FBC
:1004700081F06051704732F07F4208BF704793F0BF
:100480007F4F04BF41F40021704730B54FF46074D2
:1004900001F0004521F000411CE700BF50EA0102D5
:1004A00008BF704730B54FF000050AE050EA01027E
:1004B00008BF704730B511F0004502D5404261EBEE
:1004C00041014FF4806404F132045FEA915C3FF42F
:1004D000D8AE4FF003025FEADC0C18BF03325FEACC
:1004E000DC0C18BF033202EBDC02C2F1200300FA7D
:1004F00003FC20FA02F001FA03FE40EA0E0021FAA2
:1005000002F11444BDE600BF70B54FF0FF0C4CF48F
:10051000E06C1CEA11541DBF1CEA135594EA0C0F41
:1005200095EA0C0F00F0DEF82C4481EA030621EA7C
:100530004C5123EA4C5350EA013518BF52EA0335B7
:1005400041F4801143F4801338D0A0FB02CE4FF069
:100550000005E1FB02E506F00042E0FB03E54FF099
:100560000006E1FB03569CF0000F18BF4EF0010E91
:10057000A4F1FF04B6F5007F64F5407404D25FEA8D
:100580004E0E6D4146EB060642EAC62141EA555140
:100590004FEAC52040EA5E504FEACE2EB4F1FD0C82
:1005A00088BFBCF5E06F1ED8BEF1004F08BF5FEA00
:1005B000500E50F1000041EB045170BD06F00046B2
:1005C00046EA010140EA020081EA0301B4EB5C045F
:1005D000C2BFD4EB0C0541EA045170BD41F4801157
:1005E0004FF0000E013C00F3AB8014F1360FDEBF7C
:1005F000002001F0004170BDC4F10004203C35DA58
:100600000C341BDC04F11404C4F1200500FA05F3DA
:1006100020FA04F001FA05F240EA020001F000427B
:1006200021F0004110EBD37021FA04F642EB0601F1
:100630005EEA430E08BF20EAD37070BDC4F10C041B
:10064000C4F1200500FA04F320FA05F001FA04F2DF
:1006500040EA020001F0004110EBD37041F10001CB
:100660005EEA430E08BF20EAD37070BDC4F12005D6
:1006700000FA05F24EEA020E20FA04F301FA05F23E
:1006800043EA020321FA04F001F0004121FA04F2E6
:1006900020EA020000EBD3705EEA430E08BF20EAB6
:1006A000D37070BD94F0000F0FD101F000464000F0
:1006B00041EB010111F4801F08BF013CF7D041EA72
:1006C000060195F0000F18BF704703F00046520076
:1006D00043EB030313F4801F08BF013DF7D043EA47
:1006E0000603704794EA0C0F0CEA135518BF95EAFD
:1006F0000C0F0CD050EA410618BF52EA4306D1D184
:1007000081EA030101F000414FF0000070BD50EAA2
:10071000410606BF1046194652EA430619D094EA2C
:100720000C0F02D150EA013613D195EA0C0F05D116
:1007300052EA03361CBF104619460AD181EA03016A
:1007400001F0004141F0FE4141F470014FF0000022
:1007500070BD41F0FE4141F4780170BD70B54FF0BD
:10076000FF0C4CF4E06C1CEA11541DBF1CEA13553D
:1007700094EA0C0F95EA0C0F00F0A7F8A4EB05041F
:1007800081EA030E52EA03354FEA013100F0888016
:100790004FEA03334FF0805545EA131343EA1263DF
:1007A0004FEA022245EA111545EA10654FEA002694
:1007B0000EF000419D4208BF964244F1FD0404F54D
:1007C000407402D25B084FEA3202B61A65EB0305A9
:1007D0005B084FEA32024FF480104FF4002CB6EB66
:1007E000020E75EB030E22BFB61A754640EA0C00E6
:1007F0005B084FEA3202B6EB020E75EB030E22BF26
:10080000B61A754640EA5C005B084FEA3202B6EB66
:10081000020E75EB030E22BFB61A754640EA9C0025
:100820005B084FEA3202B6EB020E75EB030E22BFF5
:10083000B61A754640EADC0055EA060E18D04FEAB3
:10084000051545EA16754FEA06164FEAC30343EA53
:1008500052734FEAC2025FEA1C1CC0D111F4801F20
:100860000BD141EA00014FF000004FF0004CB6E719
:1008700011F4801F04BF01430020B4F1FD0C88BFB8
:10088000BCF5E06F3FF6AFAEB5EB030C04BFB6EBC3
:10089000020C5FEA500C50F1000041EB045170BDB6
:1008A0000EF0004E4EEA113114EB5C04C2BFD4EBE3
:1008B0000C0541EA045170BD41F480114FF0000E67
:1008C000013C90E645EA060E8DE60CEA135594EAE3
:1008D0000C0F08BF95EA0C0F3FF43BAF94EA0C0FE6
:1008E0000AD150EA01347FF434AF95EA0C0F7FF45B
:1008F00025AF104619462CE795EA0C0F06D152EAAF
:1009000003353FF4FDAE1046194622E750EA410692
:1009100018BF52EA43067FF4C5AE50EA41047FF4A3
:100920000DAF52EA43057FF4EBAE12E74FF0FF3C08
:1009300006E000BF4FF0010C02E000BF4FF0010CD9
:100940004DF804CD4FEA410C7FEA6C5C4FEA430C52
:1009500018BF7FEA6C5C1BD001B050EA410C0CBFA1
:1009600052EA430C91EA030F02BF90EA020F002003
:10097000704710F1000F91EA030F58BF994208BF6A
:1009800090422CBFD8176FEAE37040F00100704727
:100990004FEA410C7FEA6C5C02D150EA013C07D17E
:1009A0004FEA430C7FEA6C5CD6D152EA033CD3D0C9
:1009B0005DF8040B704700BF8446104662468C46C3
:1009C0001946634600E000BF01B5FFF7B7FF0028F6
:1009D00048BF10F1000F01BD4DF808EDFFF7F4FF1F
:1009E0000CBF012000205DF808FB00BF4DF808EDAA
:1009F000FFF7EAFF34BF012000205DF808FB00BFCD
:100A00004DF808EDFFF7E0FF94BF012000205DF8EE
:100A100008FB00BF4DF808EDFFF7CEFF94BF0120A3
:100A200000205DF808FB00BF4DF808EDFFF7C4FF9C
:100A300034BF012000205DF808FB00BF4FEA410CE5
:100A40007FEA6C5C02D150EA013C0AD14FEA430CC8
:100A50007FEA6C5C02D152EA033C02D14FF0000005
:100A600070474FF0010070474FEA410212F5001243
:100A700015D211D56FF47873B3EB625212D94FEAE5
:100A8000C12343F0004343EA505311F0004F23FACF
:100A900002F018BF404270474FF00000704750EA24
:100AA000013005D111F0004008BF6FF000407047E1
:100AB0004FF00000704700BF4FEA4102B2F1E0433F
:100AC00024BFB3F5001CDCF1FE5C0DD901F0004C35
:100AD0004FEAC0024CEA5070B2F1004F40EB830085
:100AE00008BF20F00100704711F0804F21D113F1B1
:100AF0003872BCBF01F00040704741F480114FEAEA
:100B00005252C2F11802C2F1200C10FA0CF320FA72
:100B100002F018BF40F001004FEAC1234FEAD3238F
:100B200003FA0CFC40EA0C0023FA02F34FEA4303F9
:100B3000CCE77FEA625307D150EA01331EBF4FF082
:100B4000FE4040F44000704701F0004040F0FE409D
:100B500040F40000704700BF80F0004002E000BF9A
:100B600081F0004142001FBF5FEA410392EA030F98
:100B70007FEA226C7FEA236C6AD04FEA1262D2EBE2
:100B80001363C1BFD218414048404140B8BF5B42E7
:100B9000192B88BF704710F0004F40F4000020F080
:100BA0007F4018BF404211F0004F41F4000121F096
:100BB0007F4118BF494292EA030F3FD0A2F10102E0
:100BC00041FA03FC10EB0C00C3F1200301FA03F11E
:100BD00000F0004302D5494260EB4000B0F5000F41
:100BE00013D3B0F1807F06D340084FEA310102F100
:100BF0000102FE2A51D2B1F1004F40EBC25008BFB2
:100C000020F0010040EA03007047490040EB00007B
:100C1000013A28BFB0F5000FEDD2B0FA80FCACF17C
:100C2000080CB2EB0C0200FA0CF0AABF00EBC250A9
:100C300052421843BCBFD0401843704792F0000F97
:100C400081F4000106BF80F400000132013BB5E7EA
:100C50004FEA41037FEA226C18BF7FEA236C21D060
:100C600092EA030F04D092F0000F08BF08467047C5
:100C700090EA010F1CBF0020704712F07F4F04D193
:100C8000400028BF40F00040704712F100723CBFA6
:100C900000F50000704700F0004343F0FE4040F4D0
:100CA000000070477FEA226216BF08467FEA23638E
:100CB0000146420206BF5FEA412390EA010F40F479
:100CC000800070474FF0000304E000BF10F00043C5
:100CD00048BF40425FEA000C08BF704743F09643AC
:100CE00001464FF000001CE050EA010208BF7047C7
:100CF0004FF000030AE000BF50EA010208BF70474E
:100D000011F0004302D5404261EB41015FEA010C62
:100D100002BF84460146002043F0B64308BFA3F15A
:100D20008053A3F50003BCFA8CF2083AA3EBC2533C
:100D300010DB01FA02FC634400FA02FCC2F120025B
:100D4000BCF1004F20FA02F243EB020008BF20F092
:100D50000100704702F1200201FA02FCC2F12002F8
:100D600050EA4C0021FA02F243EB020008BF20EAED
:100D7000DC70704753B94AB9002908BF00281CBF6E
:100D80004FF0FF314FF0FF3000F00CB8ADF1080C20
:100D90006DE904CE08F08EF9DDF804E0DDE9022308
:100DA00004B07047704700BF0348044B834202D031
:100DB000034B03B118477047640000206400002013
:100DC000000000000548064B1B1AD90F01EBA301D8
:100DD000491002D0034B03B118477047640000204C
:100DE000640000200000000010B5064C237843B9D1
:100DF000FFF7DAFF044B13B10448AFF3008001237F
:100E0000237010BD6400002000000000B4950008AD
:100E100008B5054B1BB105490548AFF30080BDE897
:100E20000840FFF7CFBF00BF0000000068000020AF
:100E3000B495000808B500F033F800F04BF800F066
:100E400057FA0F4B1B680F4959610F4A5A630F48F5
:100E500098619A63DFF840C0C3F81CC0DFF83CC05B
:100E6000C3F83CC019621A6459625A6498629A6461
:100E70000748D8620748D86419631A6508BD00BFDF
:100E8000040000200000314300009C430000524356
:100E900066E642439A199C439A1943439AD99B4365
:100EA00000B585B000230093019302930393FF23C1
:100EB0008DF80030AA228DF801208DF803306423CC
:100EC00005226946024805F07EFE05B05DF804FB88
:100ED000B403002070B5402008F04AFA964B186021
:100EE000F0B1964B0360944E3468954B6360954B1C
:100EF000A360954BE360002525616561934BA36179
:100F000004F026FCE061336800221A625A629A6299
:100F1000DA621D635D631D619D63012283F83C20DD
:100F2000402008F025FA8A4B1860F0B1894B036025
:100F3000874E3468884B6360884BA360824BE360C4
:100F4000002525616561814BA36104F001FCE0612E
:100F5000336800221A625A629A62DA621D635D6324
:100F60001D619D63012283F83C20402008F000FAB7
:100F70007B4B1860F0B17B4B0360794E34687A4B41
:100F800063606E4BA360704BE36000252561656173
:100F90006E4BA36104F0DCFBE061336800221A624F
:100FA0005A629A62DA621D635D631D619D6301226C
:100FB00083F83C20402008F0DBF96C4B1860F0B15E
:100FC0006B4B0360694E34686A4B63606A4BA36085
:100FD0006A4BE360002525616561694BA36104F0FC
:100FE000B7FBE061336800221A625A629A62DA62E1
:100FF0001D635D631D619D63012283F83C204020D9
:1010000008F0B6F95F4B1860F0B15F4B03605D4EBE
:1010100034685E4B63604F4BA3604B4BE36000252D
:10102000256165615A4BA36104F092FBE06133686E
:1010300000221A625A629A62DA621D635D631D6160
:101040009D63012283F83C20402008F091F9514B28
:101050001860F0B1504B03604E4E34684F4B6360E4
:10106000364BA360384BE360002525616561484B32
:10107000A36104F06DFBE061336800221A625A62DA
:101080009A62DA621D635D631D619D63012283F8CC
:101090003C20402008F06CF9414B1860F0B1414B06
:1010A00003603F4E3468394B63603F4BA360264B6F
:1010B000E360002525616561354BA36104F048FBC1
:1010C000E061336800221A625A629A62DA621D6332
:1010D0005D631D619D63012283F83C20402008F080
:1010E00047F9324B1860E8B1314B03602F4E34683A
:1010F0002A4B63602F4BA360134BE36000252561EF
:101100006561234BA36104F023FBE0613368002297
:101110001A625A629A62DA621D635D639D630122FC
:1011200083F83C20402008F023F9234B1860002866
:1011300061D0024B036041E0B00000203F7A943F51
:101140003F7A143F6590ED3ECDCC4C3D00002041F0
:10115000AC0000205EB7DE3F5EB75E3F4B2C323FF7
:10116000A8000020697677406976F73FA400002048
:101170004B2CB23F6D0E513B3F7A1440B6F37D3D90
:1011800000808944A00000205EB75E40D6898E3C76
:10119000000048449C000020E4166B4043609E3CE5
:1011A00098000020E9143B4010C94B4094000020F7
:1011B000A079454060DB074090000020334E346842
:1011C000334B6360334BA360334BE36000252561F1
:1011D0006561324BA36104F0BBFAE0613368002221
:1011E0001A625A629A62DA621D635D631D619D63D1
:1011F000012283F83C20402008F0BAF8284B186000
:10120000F0B1284B0360264E3468274B6360274BB0
:10121000A360214BE3600025256165611F4BA3613D
:1012200004F096FAE061336800221A625A629A6208
:10123000DA621D635D631D619D63012283F83C20BA
:10124000402008F095F81A4B1860F0B1194B036074
:10125000174E3468184B6360184BA3600E4BE36065
:10126000002525616561164BA36104F071FAE06108
:10127000336800221A625A629A62DA621D635D6301
:101280001D619D63012283F83C2070BD9000002009
:101290003F7A143F6590ED3ECDCC4C3D0000C841F7
:1012A0008C0000205EB7DE3F5EB75E3F4B2C323FC6
:1012B000880000206976774054F8C53E3F7A943F15
:1012C0000000A04198B138B504460025056145618C
:1012D00004F03EFAE061002323626362A362E362EA
:1012E00025636563A563012384F83C3038BD7047EE
:1012F00008B5582008F03CF8124B186000B30022E3
:1013000002601B685A609A60DA601A615A619A61D9
:10131000DA610021198459849984D9841985598501
:101320009985D9851A635A639A63DA631A645A6491
:101330009A64DA641A65042283F8542083F85510FD
:1013400008BD00BF84000020194B196800220A6004
:101350001B685A609A60DA601A615A619A61DA61B0
:101360000021198459849984D984198559859985CE
:10137000D9851A635A639A63DA631A645A649A6461
:10138000DA641A65042283F854200A4B1A68012390
:1013900082F85830084A126882F85830074A1268B2
:1013A00082F85830064A126882F85830704700BFF9
:1013B00084000020C0000020BC000020B8000020F5
:1013C000B4000020000000002DE9F8432DED068B4D
:1013D000AF4B93ED007ADFEDAF7A67EE277ADFED62
:1013E000AE6AC7EEA67A17EE909A17EE100AFFF7CC
:1013F00033F804460D460022A84B06F0F9F89EA3E8
:10140000D3E90023FFF710FB002800F0C980A44BAC
:101410001B68002283F85520A24CD4F800C0DCEDF4
:10142000157A9F4A1368FDEEE77A17EE901A198530
:101430009D4DD5F800E0DEED157AFDEEE77A17EE6A
:10144000901A598599480768D7ED157AFDEEE77A25
:1014500017EE901A998596490E68D6ED157AFDEE2D
:10146000E77A17EE908AA3F82E80DCED157A9EEDD0
:10147000157A77EE877A97ED157A77EE877A96ED7B
:10148000157A77EE877AB5EE009A67EE897AC3ED22
:10149000007AD5F8008098ED158A2768D7ED157A7F
:1014A00038EE678A0668D6ED157A38EE278A0D6819
:1014B000D5ED157A38EE678A146828EE098A84ED2E
:1014C000018A94ED00AA484606F046F909EE900A12
:1014D0006AEE29AA484606F075F908EE900A68EE09
:1014E000287A7AEEE7AAC4ED0CAA2AEE28AA28EEFA
:1014F000298A3AEE08AA84ED0DAAD7ED147A98ED60
:10150000147A77EE877A96ED147A77EE877A95EDEE
:10151000147A77EE877A67EE897AC4ED047AD8ED8B
:10152000147A97ED147A77EEC77A96ED147A77EEFF
:10153000877A95ED147A77EEC77A67EE897AC4EDEB
:10154000057A04F005F95B4B1B68C01AB0F57A7F89
:1015500004D9534B1B6800221A615A61504B1B6817
:10156000D3ED107A93ED046A29EE867AD3ED056AFD
:1015700068EEA65A37EE657A77EE877AC3ED107A71
:10158000D3ED117A68EE868A69EEA69A78EEA98A7A
:1015900077EEA87AC3ED117ABDEC068BBDE8F8832F
:1015A00000223E4B2046294606F022F80022424BFC
:1015B000FFF71CFA00287FF42AAF0022374B2046A1
:1015C000294606F015F800223B4BFFF72DFA88B1AB
:1015D0000022324B2046294606F00AF828A3D3E918
:1015E0000023FFF703FA28B12D4B1B68012283F873
:1015F000552011E70022294B2046294605F0F8FF27
:101600001FA3D3E90023FFF70FFA88B10022234B71
:101610002046294605F0ECFF1BA3D3E90023FFF782
:10162000E5F928B11E4B1B68022283F85520F3E62A
:1016300000221A4B2046294605F0DAFF12A3D3E90F
:101640000023FFF7F1F900283FF4E6AE0022134B28
:101650002046294605F0CCFF07A3D3E90023FFF776
:10166000C5F900283FF4D8AE0D4B1B68032283F860
:101670005520D1E6AFF300800000000000B07340B9
:101680000000000000E060400000000000206C400E
:10169000DC000020DB0F494000003443008076402E
:1016A00084000020C0000020BC000020B800002002
:1016B000B4000020D00000200080464010B5044651
:1016C000012003F0E9F9204604F048F8022003F075
:1016D000E3F9204604F042F8032003F0DDF9204648
:1016E00004F03CF8042003F0D7F9204604F036F863
:1016F000FFF76AFE10BD00002DE9F0472DED048BC9
:1017000084B07F4BD3ED007A9FED7E7A67EE877AC7
:101710009FED7D7AC7EE877A17EE905A7B4B1C6857
:10172000D4ED0E8A284606F017F809EE100A28EEC6
:10173000898AD4ED0F9A284606F044F807EE100A7D
:1017400069EE877A78EE277AC4ED027A68EEC76A86
:1017500029EE299A76EE896AC4ED036A77EEE65A95
:1017600094ED147A9FED6A6A27EE467A9FED696AD6
:1017700027EE067A35EE876ABDEEC66A16EE103A97
:1017800018B2208477EEA67A77EEC76AFDEEE66A95
:1017900016EE903A1FB2678477EE277AFDEEE77A6D
:1017A00017EE903A1DB2A58475EEC75AFDEEE55AC4
:1017B00015EE903A1EB2E684FEF73CFE4CA3D3E948
:1017C0000023FEF7A1FE80468946B4F92800FEF703
:1017D00031FE49A3D3E90023FEF796FE02460B46ED
:1017E00040464946FEF7DAFCFFF73EF90FFA80FA69
:1017F000A4F820A03846FEF71DFE3DA3D3E9002340
:10180000FEF782FE80468946B4F92A00FEF712FEF2
:1018100039A3D3E90023FEF777FE02460B46404684
:101820004946FEF7BBFCFFF71FF907B2678428465D
:10183000FEF700FE2EA3D3E90023FEF765FE8046E7
:101840008946B4F92C00FEF7F5FD2BA3D3E900235C
:10185000FEF75AFE02460B4640464946FEF79EFCFE
:10186000FFF702F905B2A5843046FEF7E3FD20A399
:10187000D3E90023FEF748FE80468946B4F92E00DE
:10188000FEF7D8FD1CA3D3E90023FEF73DFE024678
:101890000B4640464946FEF781FCFFF7E5F803B2E8
:1018A000E38405220292012201929622009207EE21
:1018B000903AF8EEE77A17EE903A07EE905AF8EE83
:1018C000E77A17EE902A07EE907AF8EEE77A17EEAD
:1018D000901A07EE90AAF8EEE77A17EE900A03F056
:1018E000A5F804B0BDEC048BBDE8F087AFF3008031
:1018F000333333333333EB3F333333333333C33F58
:10190000DC000020DB0F494000003443840000204D
:101910009A99014052B8DE3F10B582B004460B4B95
:101920001B68042283F85420642003F017FF2CB9AD
:101930000021084602F058FE02B010BD00200090C1
:1019400096230246014602F0EDFDF5E784000020F3
:10195000F0B52DED028B83B008EE100ADFED267A8C
:1019600028EE678ADFED257A28EE278AFDEEC87A11
:1019700017EE907A01260196002500953B469622A7
:101980004FF44871304602F06DFE0A2003F0E6FE87
:10199000B1EE488AFDEEC87A17EE904A019600959E
:1019A000234696224FF44871022002F05BFE0A2083
:1019B00003F0D4FE019600953B4696224FF4487101
:1019C000032002F04FFE0A2003F0C8FE01960095A6
:1019D000234696224FF44871042002F043FE0A2069
:1019E00003F0BCFE284602F01FFE0A2003F0B6FEFC
:1019F00003B0BDEC028BF0BD00004A4321FC8D3CDE
:101A000038B52DED048B0C4691F83C30002B61D19C
:101A100008EE100A03F09CFE0546E369C31A07EEC0
:101A2000903AF8EE677A7E499FED7E7AC7EE877A24
:101A300017EE900A05F026FF7B4905F005FF08EE3A
:101A4000900AE561E060B0EEC89A94ED057A38EE50
:101A5000477AC7EE287ADFED756A67EEA67A94EDCD
:101A6000087A9FED736A27EE067A77EE877A94ED0F
:101A7000097ADFED705A27EE257A77EE877A94EDB2
:101A80000A7A27EE067A77EE877A94ED0B7A27EEBC
:101A9000267A77EE879A0C2204F1200104F12400C3
:101AA00007F01CFDC4ED089ADFED637AB4EEE79A07
:101AB000F1EE10FA17DCB0EE677AC9EE077AB6EEEF
:101AC000007A67EE877A37EE877AB7EE006A36EEED
:101AD000676A0CE0002381F83C3003F039FEE061D6
:101AE000DFED567A8DE0B7EE086A9FED557AF3EE9A
:101AF0000E7AB4EEE79AF1EE10FA1AD577EEC95ADB
:101B0000C5EEA76AF7EE007A76EEA75A27EE257A99
:101B100077EEE67A26EE276AB5EEC08AF1EE10FA85
:101B200004DDF0EE087A66EEA76A04E0F8EE087AC3
:101B3000F9E7DFED426AD4ED007A67EE877A67EE67
:101B4000887A94ED027A27EE067A27EE297A77EEE4
:101B5000877A77EEA69AF1EE0E7AB4EEE79AF1EE76
:101B600010FA53D5D4ED047A68EE888ADFED356A31
:101B700068EEA68A77EEA87AC4ED047A94ED067A28
:101B80009FED316A27EE067A87EE267A17EE105A15
:101B9000294617EE900A05F075FE85F0004105F024
:101BA00053FE2061D4ED017A94ED047A67EE877AD2
:101BB000A56977EEA97A17EE901A284605F062FE1D
:101BC00085F0004105F040FE07EE900A9FED1F7A78
:101BD00067EE877A94ED0C7ADFED1D6A27EE267AA0
:101BE00077EE877AC4ED0C7AB1EE047AB4EEC79A38
:101BF000F1EE10FA03D59FED137A67EE877A84ED44
:101C0000058A17EE900ABDEC048B38BDD4ED047A3A
:101C1000B6EE007A67EE877AC4ED047AC2E700BFB9
:101C2000CDCCCC3D00007A440AD7A33B6F12033DD4
:101C300083C04A3EB29DEF3E0000C8420000000053
:101C40003333333F9A99993ECDCCCC3D9A99193F85
:101C5000CDCCCC3E38B52DED048B0C4691F83C3004
:101C6000002B61D108EE100A03F072FD0546E3690E
:101C7000C31A07EE903AF8EE677A7E499FED7E7AB6
:101C8000C7EE877A17EE900A05F0FCFD7B4905F058
:101C9000DBFD08EE900AE561E060B0EEC89A94EDD5
:101CA000057A38EE477AC7EE287ADFED756A67EE77
:101CB000A67A94ED087A9FED736A27EE067A77EE9E
:101CC000877A94ED097ADFED705A27EE257A77EE60
:101CD000877A94ED0A7A27EE067A77EE877A94ED82
:101CE0000B7A27EE267A77EE879A0C2204F12001F0
:101CF00004F1240007F0F2FBC4ED089ADFED637AEB
:101D0000B4EEE79AF1EE10FA17DCB0EE677AC9EE9E
:101D1000077AB6EE007A67EE877A37EE877AB7EE03
:101D2000006A36EE676A0CE0002381F83C3003F06D
:101D30000FFDE061DFED567A8DE0B7EE086A9FEDAA
:101D4000557AF3EE0E7AB4EEE79AF1EE10FA1AD560
:101D500077EEC95AC5EEA76AF7EE007A76EEA75A73
:101D600027EE257A77EEE67A26EE276AB5EEC08A68
:101D7000F1EE10FA04DDF0EE087A66EEA76A04E0F0
:101D8000F8EE087AF9E7DFED426AD4ED007A67EE03
:101D9000877A67EE887A94ED027A27EE067A27EE44
:101DA000297A77EE877A77EEA69AF1EE0E7AB4EE7C
:101DB000E79AF1EE10FA53D5D4ED047A68EE888AEA
:101DC000DFED356A68EEA68A77EEA87AC4ED047A6C
:101DD00094ED067A9FED316A27EE067A87EE267A31
:101DE00017EE105A294617EE900A05F04BFD85F0C4
:101DF000004105F029FD2061D4ED017A94ED047ACB
:101E000067EE877AA56977EEA97A17EE901A2846C9
:101E100005F038FD85F0004105F016FD07EE900A4B
:101E20009FED1F7A67EE877A94ED0C7ADFED1D6ADD
:101E300027EE267A77EE877AC4ED0C7AB1EE047A33
:101E4000B4EEC79AF1EE10FA03D59FED137A67EE60
:101E5000877A84ED058A17EE900ABDEC048B38BDB5
:101E6000D4ED047AB6EE007A67EE877AC4ED047A90
:101E7000C2E700BFCDCCCC3D00007A440AD7A33BDB
:101E80006F12033D83C04A3EB29DEF3E0000C84240
:101E9000000000003333333F9A99993ECDCCCC3DBE
:101EA0009A99193FCDCCCC3EF8B52DED0A8B08EEB2
:101EB000901A144692F83C30002B40F0E1800AEE74
:101EC000100A03F045FC08EE100AB8EE488AD4ED7B
:101ED000077AF8EE677A78EE677AE1499FEDE17A62
:101EE000C7EE877A17EE900A05F0CCFCDE4905F0C4
:101EF000ABFC0AEE900ABCEEC88A84ED078ADB4B85
:101F0000D3ED009A3AEE699AD4ED0E7A79EEE77A3B
:101F100087EEAABAB0EECB7AD549DFEDD67AC7EE16
:101F2000277A17EE900A05F0B7FB07EE900A9FEDAF
:101F3000D27A67EE877AB7EE008A38EE678A94ED38
:101F4000057A39EE477AC7EE2A7ADFEDCC6A67EE7A
:101F5000A67A94ED087A9FEDCA6A27EE067A77EEA4
:101F6000877A94ED097ADFEDC75A27EE257A77EE66
:101F7000877A94ED0A7A27EE067A77EE877A94EDDF
:101F80000B7A27EE267A77EE877A9FEDBF7A28EED6
:101F9000078A9FEDBE7A67EE877A94ED0D7ADFEDC2
:101FA000BC6A27EE267A77EE877A28EE278AB0EE8B
:101FB000C9CA1CEE100AFEF74FFA06460F467AEE23
:101FC000688AB0EEE8AA1AEE100AFEF745FA9CA35A
:101FD000D3E90023FEF7E2F802460B4630463946C5
:101FE000FEF7BCFBFEF768FD0BEE900AF2EE047AFA
:101FF000B4EEE7CAF1EE10FA4BD5F1EE047AB4EE86
:10200000E7AAF1EE10FA44D5DFEDA28A6BEE688AFA
:10201000F6EE007AB4EEE7CAF1EE10FA0BDD94EDBD
:10202000047ADFED9D7A69EE277A67EEAA7A77EE79
:10203000277AC4ED047AD4ED067A9FEDA27A67EE92
:10204000877A17EE905A2946206905F01BFC014655
:1020500085F0004005F0F8FB07EE900A20619FED47
:102060008F7A29EE077A77EE877A9FED8D7A28EEC0
:10207000077A77EE877A77EEA87A17EE905AC0E063
:10208000A163002382F83C3003F062FBE061002092
:10209000D0E0DFED847AB4EEE7AAF1EE10FA3BDD92
:1020A000DFED817AB4EEE7AAF1EE10FA34D5F6EE60
:1020B000007AB4EEE7CAF1EE10FA0BDD94ED047A83
:1020C000DFED7A7A69EE277A67EEAA7A77EE277AD9
:1020D000C4ED047AD4ED067A9FED7A7A67EE877ABA
:1020E00017EE905A2946206905F0CCFB85F0004197
:1020F00005F0AAFB07EE900A20619FED6D7A29EEAC
:10210000077A77EE877A9FED6B7A28EE077A77EE7B
:10211000877A17EE905A74E0DFED677AF4EEE7BA4B
:10212000F1EE10FA40F3D0802068FEF795F946A34F
:10213000D3E90023FEF7E8F9FEF7BEFC0AEE100A29
:10214000A068FEF789F942A3D3E90023FEF7DCF982
:10215000FEF7B2FC07EE100A6AEE097AD4ED046AC3
:1021600077EEA67A27EE087A77EE877A17EE905AFE
:10217000DFED527AF4EEE7BAF1EE10FA2BDDF6EE6F
:10218000007A68EEA77AF4EECB7AF1EE10FA22DD4F
:1021900018EE900AFEF760F906460F46F0EEE97A6F
:1021A00017EE900AFEF758F902460B4630463946BC
:1021B000FDF7F2FF28A3D3E90023FEF7A5F90646B1
:1021C0000F462846FEF748F932463B46FDF7E6FF44
:1021D000FEF772FC054694ED0CAAD4ED068ADFEDFD
:1021E000387A68EEA78A29467AEE287A17EE900A9E
:1021F00005F048FB7AEE687A17EE901A05F024FB9A
:1022000005460C2204F1200104F1240007F066F9D0
:1022100084ED088A84ED0D8A84ED059AC4ED0E9A4A
:102220002563A4692946204605F02CFB84F0004173
:1022300005F00AFBBDEC0A8BF8BD00BFAFF30080D0
:1022400000000040E17A843F333333333333E33FDC
:102250009A99999999990140000000403333D33FEE
:10226000CDCCCC3D00007A440AD7A33BDC00002053
:10227000CDCC0C3F000034433333B33E6F12033DEB
:1022800083C04A3EB29DEF3E6666263F7B142E3FDA
:102290000AD7A33ECDCC4C3FDA48803E115B2040AC
:1022A0008941803F0000AA420000BE426D0E513BB2
:1022B0003E6EB13F72E04240CDCCCC3E9A99993E01
:1022C000CDCCCC3D9A99193E5FED027AF4EEE7BA97
:1022D000F1EE10FA18DD2068FEF7BEF818A3D3E976
:1022E0000023FEF711F9FEF7E7FB0AEE100AA068DB
:1022F000FEF7B2F814A3D3E90023FEF705F9FEF7C1
:10230000DBFB07EE100A27E72068FEF7A5F810A30D
:10231000D3E90023FEF7F8F8FEF7CEFB0AEE100A29
:10232000A068FEF799F80CA3D3E90023FEF7ECF8B8
:10233000FEF7C2FB07EE100A0EE700BFAFF3008006
:102340009A9999999999F13F666666666666F63F2D
:10235000666666666666EE3F666666666666E63F63
:1023600038B52DED048B0C4691F83C30002B40F035
:102370009B8008EE900A03F0EBF90546E369C31A67
:1023800007EE903AF8EE677A51499FED527AC7EE20
:10239000877A17EE900A05F075FA4F4905F054FA5E
:1023A00009EE100AE561E060D4ED059A78EEE97A6D
:1023B00087EE898A9FED497A28EE078AD4ED087A5C
:1023C000DFED476A67EEA67A38EE278AD4ED097A00
:1023D0009FED446A67EE867A38EE278AD4ED0A7A52
:1023E00067EEA67A38EE278AD4ED0B7A67EE877A05
:1023F00038EE278A0C2204F1200104F1240007F0B2
:102400006DF884ED088A94ED007A27EE287AD4EDF1
:10241000027A67EE887A37EE278AF0EEE87AB0EE35
:10242000007AF4EEC77AF1EE10FA45D594ED047A0D
:1024300069EE287AD4ED016A67EEA67A77EE277AFC
:10244000C4ED047AA569294617EE900A05F01AFA38
:1024500085F0004105F0F8F92061D4ED047A29EE09
:10246000289A94ED017A29EE079A77EE897AC4EDDD
:10247000047A69EEA89AF5EEC09AF1EE10FA24D427
:10248000D4ED047AA56977EE887A17EE901A28467B
:1024900005F0F8F985F0004105F0D6F92063C4EDA8
:1024A000058ABDEC048B38BD002381F83C3003F075
:1024B0004FF9E0610020F4E7D4ED047AB6EE007A3B
:1024C00067EE877AC4ED047AC7E700232361D7E774
:1024D000CDCCCC3D00007A440AD7A33B6F12033D1C
:1024E00083C04A3EB29DEF3E70B52DED048B0C4685
:1024F00091F83C30002B40F0A68008EE900A03F0E3
:1025000027F90546E369C31A07EE903AF8EE677AB1
:1025100057499FED587AC7EE877A17EE900A05F073
:10252000B1F9554905F090F909EE100AE561E0604E
:10253000D4ED059A78EEE97A87EE898A9FED4F7A95
:1025400028EE078AD4ED087ADFED4D6A67EEA67AA9
:1025500038EE278AD4ED097A9FED4A6A67EE867ACB
:1025600038EE278AD4ED0A7A67EEA67A38EE278A03
:10257000D4ED0B7A67EE877A38EE278A0C2204F1C5
:10258000200104F1240006F0A9FF84ED088A94EDEF
:10259000007A27EE287AD4ED027A67EE887A37EE51
:1025A000278AF0EEE87AB0EE047AF4EEC77AF1EE1C
:1025B00010FA50D594ED047A69EE287AD4ED016AC8
:1025C00067EEA67A77EE277AC4ED047AA5692946E4
:1025D00017EE900A05F056F985F0004105F034F940
:1025E0002061D4ED047A29EE289A94ED017A29EE3F
:1025F000079A77EE897AC4ED047AA569294617EE21
:10260000900A05F03FF985F00046314605F01CF9C7
:10261000206169EEA89AF5EEC09AF1EE10FA23D483
:10262000D4ED047A77EE887A17EE901A284605F0F2
:1026300029F90146304605F007F92063C4ED058A03
:10264000BDEC048B70BD002381F83C3003F080F8B2
:10265000E0610020F4E7D4ED047AB6EE007A67EE8C
:10266000877AC4ED047ABCE700232361D8E700BF72
:10267000CDCCCC3D00007A440AD7A33B6F12033D7A
:1026800083C04A3EB29DEF3E70B52DED068B1446D9
:1026900092F83C30002B40F0E48008EE100A03F082
:1026A00057F808EE900AF8EE688AD4ED077AF8EE4B
:1026B000677A78EEE77A75499FED757AC7EE877A83
:1026C00017EE900A05F0DEF8724905F0BDF809EE44
:1026D000100AFCEEE88AC4ED078A6F4BD3ED009A2E
:1026E00038EE698A94ED05AA78EE4AAA94ED0E7A3E
:1026F00039EEC77AC7EE097AF0EEE77A67499FEDBF
:10270000687AC7EE877A17EE900A04F0C5FF07EEE5
:10271000900A9FED647A67EE877AF7EE008A78EE8A
:10272000E78ACAEE897ADFED606A67EEA67A94EDF1
:10273000087A9FED5E6A27EE067A77EE877A94ED47
:10274000097ADFED5B5A27EE257A77EE877A94EDEA
:102750000A7A27EE067A77EE877A94ED0B7A27EEDF
:10276000267A77EE877A9FED537A68EE878A9FED17
:10277000527A67EE877A94ED0D7ADFED506A27EE94
:10278000267A77EE877A68EEA78AB0EEC87AF0EEFE
:10279000047AB4EEE77AF1EE10FA6BD594ED047A90
:1027A000D4ED037A67EE887AD4ED016A67EEA67AF3
:1027B00077EE277AC4ED047AA569294617EE900AC8
:1027C00005F060F885F0004105F03EF8206194EDD9
:1027D000047AD4ED017A67EE887A67EE897A77EE2B
:1027E000277AC4ED047AA569294617EE900A05F008
:1027F00049F885F00046314605F026F820612AEEBA
:1028000008AAB5EEC0AAF1EE10FA3CD494ED009AF5
:1028100029EE089AD4ED047A39EE279AD4ED027A9B
:1028200067EEA87A39EE279A0C2204F1200104F110
:10283000240006F053FEC4ED088AC4ED0D8A84ED31
:10284000058AC4ED0E9A84ED0C9A19EE101A2846EA
:1028500005F018F80146304604F0F6FFBDEC068B93
:1028600070BD9163002382F83C3002F071FFE0619B
:102870000020F3E7D4ED047AB6EE007A67EE877AAB
:10288000C4ED047AA3E700232361BFE7CDCCCC3DA0
:1028900000007A440AD7A33BDC000020CDCC0C3FDB
:1028A000000034433333B33E6F12033D83C04A3ECE
:1028B000B29DEF3E6666263F7B142E3F0AD7A33EAD
:1028C0002DE9F04F2DED088B9DB009EE100A0AEEB0
:1028D000101A09EE902A9B46FEF736FD0520FEF7FA
:1028E000EDFE454B1868FEF7EDFC444B1868FEF70B
:1028F000E9FC434B1868FEF7E5FC424B1868FEF70D
:10290000E1FC414B1868FEF7DDFC404BD3F800902A
:10291000DFED3F7AB4EEE79AF1EE10FA20D40EDD47
:10292000DFED3C7AB4EEE79AF1EE10FA3CD43EDDEE
:10293000DFED397AB4EEE79AF1EE10FA3AD4DFED32
:10294000367AB4EEE79AF1EE10FA36DDDFED337A3F
:10295000B4EEE79AF1EE10FA32D4F2EE04AA01E0F6
:10296000F7EE08AADFED2E7AB4EEE7AAF1EE10FA40
:1029700029D42EDDDFED277AB4EEE7AAF1EE10FAC6
:102980002AD42CDDDFED247AB4EEE7AAF1EE10FABA
:1029900028D42ADDDFED217AB4EEE7AAF1EE10FAB1
:1029A00026D4B2EE04BA10E0F0EE00AADAE7F2EEB6
:1029B00004AAD7E7F0EE0CAAD4E7F2EE04AAD1E716
:1029C000F1EE0AAACEE7B7EE08BA02F0C1FE8046E1
:1029D0001DE1B2EE04BAF8E7B0EE00BAF5E7B2EEE8
:1029E00004BAF2E7B0EE0CBAEFE7B2EE04BAECE7E5
:1029F000B1EE0ABAE9E700BFA0000020A400002061
:102A00009C0000209800002094000020DC000020A2
:102A10000000F042000048430080E94300007A448F
:102A20000000C842B24B00221A7002F091FEA0EBE7
:102A30000800584580F020810420FEF73FFE682200
:102A4000002102A806F064FDAA4C236893ED107AD9
:102A500079EE477ACDED027AA74AD2ED007A79EE87
:102A6000E77ACDED037AA54A126804921A6D0592B1
:102A70008DED067A1A6B07929A6B08921A68099282
:102A80005A6C0A925A6B0B92DA6B0C925A680D923E
:102A90001A690E925A690F92B3F9282007EE902A0C
:102AA000F8EEE77ACDED107AB3F92A2007EE902AF6
:102AB000F8EEE77ACDED117AB3F92C2007EE902AE3
:102AC000F8EEE77ACDED127AB3F92E2007EE902AD0
:102AD000F8EEE77ACDED137A894A1268516C1491B9
:102AE00088490968496C159187490968496C1691AC
:102AF00086490968496C1791D26B1892844A12680A
:102B0000D26819929A681A92DB681B931A2102A85C
:102B100001F0E4FF246894F8553013B1022B40F023
:102B2000CD80D4ED107A7A4B196879EE677A17EE7A
:102B3000900AFEF765FFA0636E4B1C68D4ED117A16
:102B4000744B19687AEE677A17EE900AFFF782F8ED
:102B5000E063684BD3F800A0DAED0E8A28EEA87A7D
:102B60009AED0F8A68EE087A77EE277A17EE900AC8
:102B7000FDF772FC04F068FDFDF79EFF044618EEB9
:102B8000900AFDF769FC06460F46F0EEE87A17EE6C
:102B9000900AFDF761FCCDE900012046FDF75CFCE1
:102BA00004460D4602460B46DDE90001FDF7D6FD61
:102BB00002460B4630463946FDF7A6FCFDF77CFF82
:102BC000CAF8380018EE100AFDF746FC06460F4614
:102BD000F0EEC87A17EE900AFDF73EFC22462B462F
:102BE000FDF7BCFD02460B4630463946FDF78CFC2E
:102BF000FDF762FFCAF83C00474B1A68494619EED8
:102C0000900AFFF751F9CAF85000FEF775FD394BED
:102C10001B68D3ED107A77EEC97AF0EEE77AF4EE1E
:102C2000EA7AF1EE10FA7FF5FDAED3ED117A77EE88
:102C3000CA7AF0EEE77AF4EECB7AF1EE10FA7FF58D
:102C4000F1AE2D4BD3ED007A77EEE97AF0EEE77A2C
:102C50009FED327AF4EEC77AF1EE10FA7FF5E2AE2C
:102C6000234A13780133DBB21370042B7FF6DDAEF9
:102C70000120FEF751FE02E00120FEF74DFE1C4B45
:102C800000221A70244B1868FEF71CFB204B1868B2
:102C9000FEF718FB1F4B1868FEF714FB204B186853
:102CA000FEF710FB1F4B1868FEF70CFB322002F0FA
:102CB00055FD1DB0BDEC088BBDE8F08FD4ED107A4A
:102CC000144B196879EE677A17EE900AFEF798FEB2
:102CD000A063084B1C68D4ED117A0D4B19687AEE8D
:102CE000677A17EE900AFEF7B5FFE06331E700BFA1
:102CF0008300002084000020DC000020D800002099
:102D0000C0000020BC000020B8000020B40000205B
:102D1000A00000209C000020A4000020CDCC4C3F4F
:102D200098000020940000202DE9F04F2DED068B37
:102D30009DB009EE100A0AEE101A09EE902A9B4681
:102D4000FEF702FB0520FEF7B9FCB44B1868FEF74E
:102D5000B9FAB34B1868FEF7B5FAB24B1868FEF72C
:102D6000B1FAB14B1868FEF7ADFAB04B1868FEF730
:102D7000A9FAAF4BD3F8009002F0EAFC8046F4E0E9
:102D8000AC4B00221A7002F0E3FCA0EB080058459F
:102D900080F022810420FEF791FC6822002102A825
:102DA00006F0B6FBA44C236893ED107A79EE477ACF
:102DB000CDED027A9E4AD2ED007A79EEE77ACDED3A
:102DC000037A9E4A126804921A6D05928DED067A76
:102DD0001A6B07929A6B08921A6809925A6C0A92B7
:102DE0005A6B0B92DA6B0C925A680D921A690E921A
:102DF0005A690F92B3F9282007EE902AF8EEE77A85
:102E0000CDED107AB3F92A2007EE902AF8EEE77A92
:102E1000CDED117AB3F92C2007EE902AF8EEE77A7F
:102E2000CDED127AB3F92E2007EE902AF8EEE77A6C
:102E3000CDED137A824A1268516C14918149096868
:102E4000496C159180490968496C16917F49096858
:102E5000496C1791D26B1892704A1268D268199215
:102E60009A681A92DB681B931A2102A801F036FEB9
:102E7000246894F8553013B1022B40F0E980D4ED6A
:102E8000107A664B196879EE677A17EE900AFEF7AA
:102E9000B7FDA063684B1C68D4ED117A614B1968CB
:102EA0007AEE677A17EE900AFEF7D4FEE063624B83
:102EB000D3F800A0DAED0E8A28EEA87A9AED0F8AF0
:102EC00068EE087A77EE277A17EE900AFDF7C4FAD3
:102ED00004F0BAFBFDF7F0FD044618EE900AFDF78A
:102EE000BBFA06460F46F0EEE87A17EE900AFDF7B9
:102EF000B3FACDE900012046FDF7AEFA04460D46CF
:102F000002460B46DDE90001FDF728FC02460B46B0
:102F100030463946FDF7F8FAFDF7CEFDCAF838001D
:102F200018EE100AFDF798FA06460F46F0EEC87A3A
:102F300017EE900AFDF790FA22462B46FDF70EFC9D
:102F400002460B4630463946FDF7DEFAFDF7B4FD82
:102F5000CAF83C00324B1A68494619EE900AFEF74F
:102F6000A3FFCAF85000FEF7C7FB334B1B68D3ED35
:102F7000107A77EEC97AF0EEE77AB1EE087AF4EEDD
:102F8000C77AF1EE10FA7FF5FBAED3ED117A77EE4A
:102F9000CA7AF0EEE77AF4EEC77AF1EE10FA7FF52E
:102FA000EFAE234BD3ED007A77EEE97AF0EEE77AD5
:102FB000B7EE087AF4EEC77AF1EE10FA7FF5E0AEDC
:102FC0001C4A13780133DBB21370042B7FF6DBAE9F
:102FD0000120FEF7A1FC02E00120FEF79DFC154B4D
:102FE00000221A700E4B1868FEF76CF90B4B18682C
:102FF000FEF768F90B4B1868FEF764F90A4B18687E
:10300000FEF760F9094B1868FEF75CF9322002F010
:10301000A5FB1DB0BDEC068BBDE8F08FA000002025
:10302000A40000209C0000209800002094000020B4
:10303000DC0000208200002084000020D800002056
:10304000C0000020BC000020B8000020B400002018
:10305000D4ED107A0B4B196879EE677A17EE900A67
:10306000FEF7CEFCA063084B1C68D4ED117A074B29
:1030700019687AEE677A17EE900AFEF7EBFDE063C7
:1030800015E700BF9C00002084000020A000002065
:1030900038B52DED028B08EE100A08EE901A154691
:1030A000FEF752F9164BD3ED007A78EE677A17EEF9
:1030B000900AFEF74DFC02F04BFB044607E0114B73
:1030C00000221A7002F044FB001BA84212D20C4BE3
:1030D000D3ED007A77EEC87AF0EEE77AF4EEE87A8C
:1030E000F1EE10FAEBD5074A13780133DBB2137017
:1030F000042BE7D9322002F031FBBDEC028B38BD46
:10310000DC0000208100002038B505460C46052073
:10311000FEF7D4FA744A1268D2ED007AF0EEE76A4C
:10312000B7EE007AF4EEC76AF1EE10FAF2DD92ED36
:10313000017AB0EEC76AF7EE006AB4EEE66AF1EE25
:1031400010FAE7DD072C00F2BA80DFE804F0042F64
:1031500044576A7D92A5D2ED056A77EEE67ADFEDF7
:10316000636A67EEA67A17EE900AD2ED0D7A77EED3
:10317000677A67EEA67A17EE901A5D4B1B6893F894
:103180005530022B00F09E80032B00F0A180012B14
:1031900040F0A78007EE901AF1EE677A014617EE2D
:1031A000900A544A2B46FFF78BFB38BDD2ED066AD6
:1031B00077EEE67ADFED506A67EEA67A17EE900AB0
:1031C000D2ED0E7A37EE677ADFED4C7A67EE277A2A
:1031D00017EE901AD1E7D2ED076A77EEE67ADFEDC7
:1031E000436A67EEA67A17EE900AD2ED0F7A77EE71
:1031F000677A67EEA67A17EE901ABEE7D2ED086AF4
:1032000077EEE67ADFED3E6A67EEA67A17EE900A71
:10321000D2ED107A77EE677A67EEA67A17EE901AFB
:10322000ABE7D2ED096A77EEE67ADFED306A67EE5A
:10323000A67A17EE900AD2ED117A77EE677A67EEEA
:10324000A67A17EE901A98E7D2ED0A6A77EEE67A38
:10325000DFED296A67EEA67A17EE900AD2ED127AB0
:1032600037EE677ADFED257A67EE277A17EE901A48
:1032700083E7D2ED0B6A77EEE67ADFED216A67EE3F
:10328000A67A17EE900AD2ED137A77EE677A67EE98
:10329000A67A17EE901A70E7D2ED0C6A77EEE67A0E
:1032A000DFED126A67EEA67A17EE900AD2ED147A75
:1032B00037EE677A67EE267A17EE901A5DE70021FF
:1032C00008465AE780F0004081F000410D4A69E766
:1032D00007EE900AF1EE677A084617EE901A0A4A4E
:1032E00060E700225EE700BF04000020CDCCCC3EAA
:1032F000840000200000B442E17A543F295C4F3F33
:103300009A99993E0000344300008743F0B52DEDB3
:10331000068B8FB005467B4B1E6802F019FA0446F7
:10332000794B1B6893F85530022B14D0032B15D022
:10333000012B16D1DFED75AAFEF706F8744B18685D
:10334000FDF7C0FF734B1868FDF7BCFF724B1868A0
:10335000FDF7B8FF81E0DFED71AAEDE7DFED70AAC0
:10336000EAE7DFED70AAE7E70020FEF7D5FA6E4B3B
:1033700000221A70664B1868FDF7A4FF654B1868A9
:10338000FDF7A0FF644B1868FDF79CFF322002F0A8
:10339000E5F90FB0BDEC068BF0BD634B00221A704F
:1033A0005B4B196819EE100AFEF7DAFF08EE900A77
:1033B000584B19681AEE100AFFF796F808EE100A33
:1033C000554B1A6831461AEE900AFFF75DF909EE7F
:1033D000900ADFED567A69EEE77A37EEA87A78EE52
:1033E000E77A05230293012301930A27009777EEDA
:1033F000C86A16EE903A77EE086A16EE902A77EED3
:10340000887A17EE901A77EE487A17EE900A01F054
:103410000DFB2822002104A806F07AF88DED049A0D
:103420008DED05AA374BD3ED007A7AEEE77ACDED34
:10343000067ACDED079ACDED088A8DED098A3C4BD1
:103440001B681A680A925A680B92DA690C92DB6B55
:103450000D93394604A801F041FB02F079F9001BF5
:10346000A84281D8324B1B68D3ED007AF0EEE76AB0
:103470009FED307AF4EEC76AF1EE10FAEDD493EDD9
:10348000017AB0EEC76ADFED2B6AB4EEE66AF1EEC0
:1034900010FAE2D4D3ED076A37EEE69AD3ED0F7A4D
:1034A00037EE67AAB0EEC97AF6EE007AB4EEE77AA4
:1034B000F1EE10FA7FF571AFF0EECA7AB6EE007A4F
:1034C000F4EEC77AF1EE10FA7FF567AF0D4BD3ED4E
:1034D000007A7AEEE77AF0EEE77AB0EE007AF4EE70
:1034E000C77AF1EE10FA7FF558AF0F4A137801331F
:1034F000DBB21370042B7FF653AF0020FEF70CFAFB
:1035000035E700BFDC000020840000200000B4424A
:10351000B0000020AC000020A800002000003443D0
:103520000000874300000000800000209A990140BD
:1035300004000020CDCCCC3D2DE9F04F2DED0C8BBF
:1035400091B009EE900A0AEE101A0AEE902A9B46F4
:10355000FDEEE97A17EE903A002BB8BF5B4207EE1A
:10356000903AF8EEE77A9FEDAD7AF4EEC77AF1EE95
:1035700010FA14D431DD9FEDAA7AF4EEC77AF1EE99
:1035800010FA2DD59FEDA77A37EEC77ADFEDA66A40
:1035900027EE267AB2EE04BA3BEE47BA01E0B2EE6D
:1035A00004BA9FED9E7AF4EEC77AF1EE10FA61D478
:1035B00019DD9FED9B7AF4EEC77AF1EE10FA12D581
:1035C0009FED987A77EEC77A9FED987A67EE877AC3
:1035D0009FED97CA3CEE67CA4EE0B2EE02BAE0E752
:1035E000B2EE02BADDE79FED8E7AF4EEC77AF1EE25
:1035F00010FA13DD9FED8F7AF4EEC77AF1EE10FA30
:103600000CD59FED8D7A77EEC77A9FED8C7A67EEB9
:10361000877A9FED8BCA3CEE67CA2DE09FED857AD5
:10362000F4EEC77AF1EE10FA13DD9FED867AF4EE30
:10363000C77AF1EE10FA0CD59FED837A77EEC77A50
:103640009FED827A67EE877A9FED81CA3CEE67CA6A
:1036500012E09FED7C7AF4EEC77AF1EE10FA32DDDB
:103660009FED7C7AF4EEC77AF1EE10FA2ED49FED3E
:103670007ACA01E09FED6ECAFDEECA7A17EE903A63
:10368000002BB8BF5B4207EE903AF8EEE77A9FED69
:10369000637AF4EEC77AF1EE10FA1AD437DD9FEDB3
:1036A000607AF4EEC77AF1EE10FA33D59FED5D7AC9
:1036B00037EEC77ADFED696A27EE267AF1EE04BAB3
:1036C0007BEEC7BA07E09FED64CAD5E79FED64CAF9
:1036D000D2E7F1EE04BA9FED517AF4EEC77AF1EE3B
:1036E00010FA61D419DB9FED4E7AF4EEC77AF1EE51
:1036F00010FA12D59FED4B7A77EEC77A9FED4B7A91
:1037000067EE877ADFED4ACA7CEEE7CA4EE0F1EE5B
:1037100002BAE0E7F1EE02BADDE79FED417AF4EE9E
:10372000C77AF1EE10FA13DB9FED427AF4EEC77A16
:10373000F1EE10FA0CD59FED407A77EEC77A9FED47
:103740003F7A67EE877ADFED3ECA7CEEE7CA2DE06E
:103750009FED387AF4EEC77AF1EE10FA13DB9FEDA5
:10376000397AF4EEC77AF1EE10FA0CD59FED367A7D
:1037700077EEC77A9FED357A67EE877ADFED34CA48
:103780007CEEE7CA12E09FED2F7AF4EEC77AF1EEF5
:1037900010FA3ADB9FED337AF4EEC77AF1EE10FAC5
:1037A00036D4DFED31CA01E0DFED21CA2F4B1B68B3
:1037B00093F855306BB1022B0BD01CEE103AB0EEE3
:1037C0006CCA0CEE903A1BEE103AB0EE6BBA0BEEF0
:1037D000903A274B1868FDF775FD264B1868FDF7E2
:1037E00071FD254B1868FDF76DFDFDF7ADFD05205A
:1037F000FDF764FF01F0ACFF0490204BD3ED007A9D
:10380000CDED057A0023039332E2DFED17CACDE751
:10381000DFED11CACAE70023039333E000009B43A6
:103820000080F743000096430AD7A33B6F12833909
:103830009A99193E00C046440000FA4317B7D138A0
:10384000CDCCCC3D00E0D34400004844233ABA3705
:10385000295C8F3D0000E1440AD7233D0AD7233B72
:10386000CDCC4C3D0060E04496430B3D84000020ED
:10387000A00000209C000020A4000020DC0000200C
:103880000023039301F064FF049BC01A58457FD8BE
:10389000F2EE027AB4EEE7DAF1EE10FA40F3B98014
:1038A000F5EE409AF1EE10FA00F08C80F5EEC08A49
:1038B000F1EE10FA40F38380F7EE008A1DEE100A55
:1038C000FCF7CAFD04460D46F0EEE97A17EE900AC1
:1038D000FCF7C2FD06460F4602460B462046294627
:1038E000FCF73CFF94A3D3E90023FCF70DFE02464E
:1038F0000B4600208C49FCF74FFCFDF7DDF88046B5
:103900006BEE287A17EE900AFCF7A6FD02460B46EE
:1039100030463946FCF7F8FD81468A4619EE900A92
:10392000FCF79AFD06460F4618EE900AFCF794FD48
:1039300022462B46FCF7E8FD02460B463046394648
:10394000FCF72AFC32463B46FCF708FFFDF7B4F8CB
:103950000146CCEE0B7A17EE900A03F09DFEFCF7C1
:103960007BFD02460B4648465146FCF7CDFD04461A
:103970000D464046FCF770FD22462B46FCF7C4FD81
:10398000FDF79AF808EE900A45E00023039379E7E3
:103990000120FDF7C1FF654B1868FDF793FC644BF0
:1039A0001868FDF78FFC634B1868FDF78BFC32201D
:1039B00001F0D4FE11B0BDEC0C8BBDE8F08FFFEE32
:1039C000008A7BE76BEE287A17EE900AFCF744FD3D
:1039D00004460D46F0EEC87A17EE900AFCF73CFD5F
:1039E00002460B4620462946FCF78EFD04460D464E
:1039F000F0EECA7A17EE900AFCF72EFD02460B464F
:103A000020462946FCF7AAFEFDF756F808EE900A74
:103A100001E0DFED4B8AF0EEC87AB2EE027AF4EE06
:103A2000C77AF1EE10FA40F38F80B5EE40AAF1EEBE
:103A300010FA53D0B5EEC08AF1EE10FA4BDDB7EEB6
:103A4000008A17EE900AFCF707FD80468946F0EEE3
:103A5000CA7A17EE900AFCF7FFFC04460D466BEE9F
:103A6000887A17EE900AFCF7F7FC02460B462046D0
:103A70002946FCF749FD06460F461AEE100AFCF7E8
:103A8000EBFC04460D4618EE100AFCF7E5FC424636
:103A90004B46FCF739FD02460B4620462946FCF70B
:103AA0007BFB22462B46FCF759FEFDF705F8014645
:103AB000CCEEAB7A17EE900A03F0EEFDFCF7CCFCEF
:103AC00002460B4630463946FCF71EFDFCF7F4FF74
:103AD00008EE100A3AE0BFEE008AB2E76BEE887A91
:103AE00017EE900AFCF7B8FC04460D461DEE100ACE
:103AF000FCF7B2FC02460B4620462946FCF704FDC3
:103B000004460D46F0EEE97A17EE900AFCF7A4FCA5
:103B100002460B4620462946FCF720FEFCF7CCFF68
:103B200008EE100A12E000BF0000F03FA0000020E5
:103B30009C000020A4000020000000403333E33F3D
:103B400000000000CDCC4C3F1FED038AB0EEC99AB7
:103B50005FED047AB4EEE79AF1EE10FA00F3CF804D
:103B60004FF0000A6A4B93ED00DA6A4BD3F80080FD
:103B7000C8ED0E8A88ED0F8AC8F850A028EEA87A02
:103B800068EE087A77EE277A17EE900AFCF764FC65
:103B900003F05AFDFCF790FF044618EE900AFCF77C
:103BA0005BFCCDE90001F0EEE87A17EE900AFCF735
:103BB00053FC06460F462046FCF74EFC04460D46D5
:103BC00002460B4630463946FCF7C8FD02460B4616
:103BD000DDE90001FCF798FCFCF76EFF8146C8F8B0
:103BE000380018EE100AFCF737FC06460F46F0EED8
:103BF000C87A17EE900AFCF72FFC22462B46FCF7FA
:103C0000ADFD02460B4630463946FCF77DFCFCF71D
:103C100053FF0746C8F83C003F4E3146484603F084
:103C200031FE3E4C214603F00FFE0546C8F8380031
:103C30003146384603F026FE214603F005FE0446D1
:103C4000C8F83C003649504603F01CFE354903F0E5
:103C5000FBFDC8F85000079508948DED09DA0321A3
:103C600007A800F03BFFFDF747FD322001F076FD8D
:103C70000520FDF723FD274B1B68D3ED108A79EE55
:103C8000E88A93ED118A3AEE488A214AD2ED007A09
:103C90003AEEE79ACDED0A8A8DED0B8A8DED0C9AFE
:103CA0009A6B0D92DB6B0E93CDED0F7AB0EEE8DAE6
:103CB000F2EE027AB4EEE7DAF1EE10FA7FF5ABAD90
:103CC000F0EEC87AB2EE027AF4EEC77AF1EE10FAAC
:103CD0007FF5D6ADF0EEC97A9FED137AF4EEC77A90
:103CE000F1EE10FA7FF551AE039B01339BB20393C3
:103CF000022B7FF6C7AD0120FDF70EFE4BE60B4B06
:103D00001A6805991AEE900AFEF7CEF8824629E75E
:103D1000DC000020840000200080BB440080BBC485
:103D200000008C4200008CC2CDCC4C3FA40000208F
:103D300038B504460D460023036043600520FDF7B7
:103D4000BDFC224B1B6893F85530032B10D8DFE8DD
:103D500003F00213212F1E4B1B78EB1A07EE903A4B
:103D6000F8EEE77A9FED1B7A67EE877AC4ED017A69
:103D7000174B1D70204638BD154B1B785B1B07EE9B
:103D8000903AF8EEE77A9FED137A67EE877AC4ED02
:103D9000007AEDE70E4B1B785B1B07EE903AF8EECE
:103DA000E77A9FED0C7A67EE877AC4ED017ADFE758
:103DB000074B1B78EB1A07EE903AF8EEE77A9FED87
:103DC000057A67EE877AC4ED007AD1E78400002097
:103DD00000000020000016432DE9F04107460E4682
:103DE0001546984601F0B4FC0AE00B490F704E707E
:103DF000FF230222094802F0E6FE642001F0AEFC37
:103E0000074C246894F80CC0AC45EED1637B434565
:103E1000EBD1BDE8F08100BF800100202C03002021
:103E20000400002038B5044600254FF47A732A4672
:103E30001C491D48FEF744FD40F2DC532A461B494D
:103E40002846FEF73DFD04B938BD01F081FC04466B
:103E500015E000244FF4FA73224615492046FEF778
:103E60002FFD4FF4FA73224612492046FEF728FD33
:103E700001F06EFC044608E0642001F06FFC01F0E4
:103E800067FC031BB3F5FA6FE3D80B4B1B689A7BF7
:103E9000002AF1D0DA7B002AEED01B7C002BEBD07D
:103EA000D2E700BF00003E4300003EC30000AF4326
:103EB0000000C8420000C8C20400002010B582B053
:103EC0000446002300930193012803D0022C1AD04A
:103ED00002B010BD40F6C413002229492948FEF75C
:103EE000EFFC01231A4600211846FFF775FF002159
:103EF0004FF47A70FFF708F90323012202211046DC
:103F0000FFF76AFFE2E702216846FFF711FF64202E
:103F100001F024FC40F6B8331B4A9DED017ADFED39
:103F20001B7A77EE677A17EE901A9DED007ADFED37
:103F3000187A77EE277A17EE900AFEF7C1FC002474
:103F400040F2A4624FF07E512046FFF7A1F84FF4F3
:103F5000FA6322460F491048FEF7B2FC01231A46C5
:103F600000211846FFF738FF00214FF47A70FFF761
:103F7000CBF80323012202211046FFF72DFFA7E70C
:103F80000080684400005C420000B4420000C84267
:103F900000005C440000B4C300003442F0B585B0BA
:103FA000044600254FF4FA632A46BD49BD48FEF792
:103FB00087FCBD4E4FF4FA624FF07E513046FFF75A
:103FC00067F840F6B83332462946B848FFF7B4FAE6
:103FD000022102A8FFF7ACFE012C0AD0022C00F04F
:103FE000B3801323022212211046FFF7F5FE05B01D
:103FF000F0BDAF4F3B686C46997B2046FFF798FEBB
:1040000002AD94E8030085E803004FF4FA633246FA
:1040100003990298FEF788FE012302220021104630
:10402000FFF7DAFE01214FF47A70FFF76DF80323F2
:10403000022211461046FFF7CFFE41F28830FFF70B
:1040400065F90523022204211046FFF7C5FE3B68EF
:10405000D97B2046FFF76CFE94E8030085E8030057
:104060004FF4FA63324603990298FEF75DFE072388
:10407000022206211046FFF7AFFE41F28830FFF71B
:1040800045F90923022208211046FFF7A5FE3B68E7
:10409000197C2046FFF74CFE94E8030085E80300F6
:1040A0004FF4FA63324603990298FEF73DFE0B2364
:1040B00002220A211046FFF78FFE41F28830FFF7F7
:1040C00025F90D2302220C211046FFF785FE3B68DF
:1040D000997B2046FFF72CFE94E8030085E8030057
:1040E0004FF4FA63324603990298FEF71DFE0F2340
:1040F00002220E211046FFF76FFE3B68D97B204657
:10410000FFF716FE94E8030085E803004FF4FA6316
:10411000324603990298FEF707FE1123022210216E
:104120001046FFF759FE3B68197C2046FFF700FE5A
:1041300094E8030085E803004FF4FA6332460399DC
:104140000298FEF7F1FD4CE7594F3B686C46597CED
:104150002046FFF7EDFD02AD94E8030085E803007B
:10416000514E4FF4FA63324603990298FEF7DCFD94
:104170000123022200211046FFF72EFE01214FF4F9
:104180007A70FEF7C1FF0323022211461046FFF7A3
:1041900023FE41F28830FFF7B9F8052302220421FB
:1041A0001046FFF719FE3B68997C2046FFF7C0FDDB
:1041B00094E8030085E803004FF4FA63324603995C
:1041C0000298FEF7B1FD0723022206211046FFF7F1
:1041D00003FE41F28830FFF799F8092302220821F3
:1041E0001046FFF7F9FD3B68D97C2046FFF7A0FD9C
:1041F00094E8030085E803004FF4FA63324603991C
:104200000298FEF791FD0B2302220A211046FFF7C8
:10421000E3FD41F28830FFF779F80D2302220C21EB
:104220001046FFF7D9FD3B68597C2046FFF780FD1B
:1042300094E8030085E803004FF4FA6332460399DB
:104240000298FEF771FD0F2302220E211046FFF7A0
:10425000C3FD3B68997C2046FFF76AFD94E80300A4
:1042600085E803004FF4FA63324603990298FEF79B
:104270005BFD1123022210211046FFF7ADFD3B68C4
:10428000D97C2046FFF754FD94E8030085E803003D
:104290004FF4FA63324603990298FEF745FDA0E613
:1042A0000000D2C30000A0C2000034430080D4C488
:1042B000040000202DE9F04184B00446002302935D
:1042C0000393022102A8FFF733FD40F6B8338B4A6F
:1042D0009DED037ADFED8A7A77EE277A17EE901A52
:1042E0009DED027ADFED877A77EE277A17EE900A56
:1042F000FEF7E6FA40F2A4624FF07E518248FEF7E4
:10430000C7FE02216846FFF713FD012C2ED0022CB8
:1043100039D040F6B8337C4A9DED037ADFED7B7AE5
:1043200077EE277A17EE901A9DED027ADFED747A18
:1043300077EE277A17EE900AFEF7C2FA01230322DE
:1043400000211046FFF748FD01214FF47A70FEF777
:10435000DBFE03231A4602211846FFF73DFD012C20
:104360001ED0022C6ED004B0BDE8F081684B1B68F3
:104370006D46997B2846FFF7DBFC95E8030004AB0C
:1043800003E90300C5E7624B1B686D46597C28466C
:10439000FFF7CEFC95E8030004AB03E90300B8E7A0
:1043A00041F28830FEF7B2FF0523032204211046B4
:1043B000FFF712FDDFF85881D8F800306D46D97B41
:1043C0002846FFF7B5FC02AE95E8030086E8030037
:1043D0004D4F4FF4FA633A4603990298FEF7A4FC56
:1043E0000723032206211046FFF7F6FC41F288302E
:1043F000FEF78CFF0923032208211046FFF7ECFC8F
:10440000D8F80030197C2846FFF792FC95E80300A5
:1044100086E803004FF4FA633A4603990298FEF7E0
:1044200083FC0B2303220A211046FFF7D5FC41F23F
:104430008830FEF76BFF0D2303220C211046FFF797
:10444000CBFC8EE7324F3B686C46997C2046FFF7E9
:104450006FFC02AD94E8030085E803002A4E4FF498
:10446000FA63324603990298FEF72AFA05230322DB
:1044700004211046FFF7B0FC3B68D97C2046FFF7CB
:1044800057FC94E8030085E803004FF4FA633246D2
:1044900003990298FEF714FA072303220621104617
:1044A000FFF79AFC02212046FFF742FC94E8030044
:1044B00085E8030040F6B83332469DED037ADFED20
:1044C000117A77EE677A17EE901A9DED027ADFED9A
:1044D000117A77EE277A17EE900AFEF7F1F940F697
:1044E000B83332460C490020FEF7EAF940F6B833FB
:1044F00032460A490A48FEF7E3F934E7000034433C
:10450000000048440000C8420000B44200008C4251
:104510000400002000005C440040B5C40000B9C3A2
:1045200000002F4310B584B000240094019402943D
:1045300003948DF80000F6208DF801008DF802102C
:10454000110A8DF803108DF804208DF805309DF8C0
:1045500018308DF806306B238DF807304FF6FF7357
:1045600008226946024802F02EFB04B010BD00BFCD
:104570007003002030B585B0089C0025009501959A
:10458000029503958DF80000FD208DF801008DF84F
:104590000210110A8DF803108DF804208DF80530F3
:1045A000230E8DF80630C4F307438DF80730C4F3AB
:1045B00007238DF808308DF809409DF824308DF8D8
:1045C0000A309DF828308DF80B306B238DF80C30B5
:1045D0004FF6FF730D226946024802F0F4FA05B067
:1045E00030BD00BF7003002000B585B000230093EC
:1045F0000193029303938DF80000FE238DF80130A0
:1046000098238DF802308DF803106B238DF8043059
:104610004FF6FF7305226946024802F0D4FA05B04E
:104620005DF804FB7003002000B585B00023009303
:104630000193029303938DF80000FF238DF801305E
:1046400066238DF802306B238DF803304FF6FF732D
:1046500004226946024802F0B6FA05B05DF804FB90
:104660007003002000B585B08C46022821D00428B4
:1046700021D00021002B20DB4FF4485E0EFB03F31A
:1046800007EE903AF8EE677ADFED0F6A87EEA67ACA
:10469000BCEEC77A9DF81C3002939DF81830019348
:1046A0008DED007A13466246FFF764FF05B05DF8B2
:1046B00004FB0121DEE70121DCE711B111B100218A
:1046C00000E001215B42D7E71EA99A4300B583B001
:1046D00007EE901A02281BD004281BD00021F5EE0B
:1046E000C07AF1EE10FA17DB9FED117A67EE877A48
:1046F000DFED106A87EEA67AFCEEC77A00931346C8
:1047000017EE902A92B2FFF70DFF03B05DF804FB9D
:104710000121E4E70121E2E702D4DFED077AE3E7D4
:1047200011B111B1002100E00121F1EE677ADBE760
:10473000000070421EA99A430000000010B5044614
:10474000602004F015FE034618B304700022427086
:1047500042808280C2800281428100200021C3E920
:1047600004019A61C3E90801C3E90A0183F8302012
:1047700083F8312083F8322000225A639A63DA6387
:104780001A649A64DA645A641A655A65012283F8D5
:104790005820184610BD000008B50120FFF7CEFFD5
:1047A000084B18600220FFF7C9FF074B1860032071
:1047B000FFF7C4FF054B18600420FFF7BFFF044B51
:1047C000186008BDC0000020BC000020B800002018
:1047D000B40000202DE9F0472DED048B05460C4672
:1047E00003780B70022B00F00481042B00F0FE8094
:1047F00001236A786270AA786280EA78A2802979B7
:104800006A7942EA0122E280A979EA7942EA012240
:104810002281297A6A7A42EA01226281EA7A287B35
:10482000000440EA02606A7B40EA0220A97B002281
:1048300008431146AE7A012E00F0DE8020616161EE
:10484000DF171A4603FB01F100FB0716A3FB00016B
:1048500031442061616195F810C06E7C46EA0C26F7
:1048600095F80FC0BCF1010F00F0CA80A66103FBF0
:1048700006F6A66195F813C02B7D1B0443EA0C6372
:1048800095F815C043EA0C2395F816C04FF0000EBA
:1048900043EA0C03F44695F81280B8F1010F00F0DA
:1048A000B1802362C4F824C002FB0CFC03FB07CCDC
:1048B000A2FB0398E044C4F82090C4F8248095F843
:1048C00018C06B7E1B0443EA0C6395F81AC043EAD8
:1048D0000C2395F81BE04FF0000C43EA0E03E24670
:1048E00095F817E0BEF1010F00F09080A362C4F8C4
:1048F0002CA002FB0AFA03FB07AAA2FB0372924454
:10490000A762C4F82CA0FCF7F7F907EE900ADFEDD8
:10491000419A67EEA97A9FED409A67EE897AC4EDD5
:104920000D7A07EE906AB8EEE78A84ED0E8A484663
:104930004146FCF7E1F908EE900A68EEA97A67EEC5
:10494000897AC4ED0F7A38465146FCF7D5F907EE5F
:10495000900A67EEA97A67EE897AC4ED107ADFEDE6
:104960002F7A68EEA78A68EE898AC4ED118A94F8D6
:10497000583023B1002384F85830C4ED128ADFED9B
:10498000277A28EE278A9FED267AC8EE077AC4EDAB
:10499000157A2B7F84F830306B7F84F83130AB7F11
:1049A00084F8323000F0D4FE07EE900AF8EE677A11
:1049B0001C4B93ED007AB8EE477A77EEC77A9FEDFD
:1049C0001A7AF4EEC77AF1EE10FA01DD0023A3643F
:1049D00094ED117AD4ED127A77EE677AC4ED147AF9
:1049E00084ED127ABDEC048BBDE8F0874FF0FF3305
:1049F000FFE64FF0FF33FCE6404262EB42011DE769
:104A0000764233E75B426EEB4E0C4AE75B426CEB5F
:104A10004C0A6BE70000B443000080371EA99A439C
:104A200000007042D000002000007A442DE9F843D5
:104A3000894690461F469DF820509DF824600A9CA8
:104A400033462A4601460120FFF740FE204600F08B
:104A500085FE33462A4649460220FFF737FE2046A8
:104A600000F07CFE33462A4641460320FFF72EFE27
:104A7000204600F073FE33462A4639460420FFF7ED
:104A800025FE204600F06AFE0020FFF7CDFD2046FF
:104A900000F064FEBDE8F88300B585B00023009304
:104AA0000193029303938DF8000043238DF80130A6
:104AB0007A238DF802306B238DF803304FF6FF73A5
:104AC00004226946024802F07EF805B05DF804FB56
:104AD0007003002008B5FFF75FFE08BD80B500AF8A
:104AE0008E464A1C93000733DB086946A1EBC303DB
:104AF0009D466946002305E050F823C041F823C0D5
:104B00000133DBB27345F7D34FEA8E03002001F87F
:104B10002E0003F1010C01F80C00981C4FF0800CE2
:104B200001F800C003337F20C8544FF6FF73920092
:104B3000024802F048F8BD4680BD00BFE8020020F0
:104B400010B582B000240094124B1A6B42F400128C
:104B50001A631A6B02F400120092009A01941A6B05
:104B600042F480021A631B6B03F480030193019BE0
:104B7000224605210B2000F04BFE0B2000F058FED2
:104B8000224605213A2000F043FE3A2000F050FE74
:104B900002B010BD00380240F0B58BB0002405947F
:104BA00006940794089409940194294B1A6B42F0D7
:104BB00080021A631A6B02F080020192019A029439
:104BC0001A6B42F001021A631A6B02F001020292A0
:104BD000029A03941A6B42F004021A631A6B02F0F1
:104BE00004020392039A04941A6B42F008021A63B7
:104BF0001B6B03F008030493049B164F22462021ED
:104C0000384601F07BF9144D22464FF48071284656
:104C100001F074F90126059606940223079305A96D
:104C2000284601F075F8202305930696079408940A
:104C300005A9384601F06CF84FF480730593069689
:104C40000794089405A9284601F062F80BB0F0BD5E
:104C500000380240000802400000024070B582B0F7
:104C60000546AB4B984231D0AA4B9D4255D0AA4B3A
:104C70009D4200F0278102B070BDA84AD15CA84ACD
:104C8000D15401331E2BF8DD1F220021A34804F06C
:104C90003FFCA34B9B7F6B2B1AD01F220021A04807
:104CA00004F036FC9E4E4FF6FF73012231469948C0
:104CB00001F089FF1F2422460021304604F028FC21
:104CC00022469649924802F0C5FACDE70023D9E77B
:104CD00000F03EFD934B1860914B1B78013B032B7A
:104CE000E0D8DFE803F002080E148F4B19688C48F7
:104CF000FFF770FDD6E78D4B19688948FFF76AFD0D
:104D0000D0E78B4B19688648FFF764FDCAE7894BEB
:104D100019688348FFF75EFDC4E700F019FD864B74
:104D20001860002304E0854AD15C854AD1540133E0
:104D3000202BF8DD21220021804804F0E9FB00242B
:104D400000E00134202C12DC7D4B1B5D2E2BF8D1B2
:104D5000631C7B4AD35C2E2BF3D1A31CD35C2E2B7C
:104D6000EFD121220021764804F0D2FBE9E70023AD
:104D70007DE0591C7248415C53297FD1D91D415CAB
:104D8000090209B29C1D005D014307EE901AF8EE7E
:104D9000E77A9FED6C7A67EE877ADFED6B6A67EEF4
:104DA000A67A6A49C1ED007A694991ED007AB4EEBC
:104DB000E67AF1EE10FA38D5DFED666AB4EEE67AFF
:104DC000F1EE10FA31DDDFED646AF4EEE67AF1EE31
:104DD00010FA2AD5DFED616AF4EEE67AF1EE10FA08
:104DE00023DD5F480168013101609FED577AF4EEE1
:104DF000477AF1EE10FA41D09FED587AF4EE477AF7
:104E0000F1EE10FA3AD0564991ED007AB8EEC77A31
:104E1000DFED546A27EE267A37EE877A524981ED24
:104E2000007A4B49C1ED007A28E0DFED4B6AB4EE21
:104E3000E67AF1EE10FAD8D5DFED486AB4EEE67AFC
:104E4000F1EE10FAD1DD9FED437AF4EEC77AF1EE80
:104E500010FACADD9FED3C7AF4EEC77AF1EE10FA53
:104E6000C3D53F48016801390160BEE70133192B02
:104E700022DC334AD25C552A3FF47BAF552AF5D168
:104E80005A1C2F498A5C522AF0D1DA1D8A5C120220
:104E900012B2981D095C0A4307EE902AF8EEE77AF1
:104EA0009FED287A67EE877A9FED307A67EE877AF2
:104EB0002F4AC2ED007AD9E721222049154802F095
:104EC000C9F9D4E62B4B1B78002B59D12A4B1B7800
:104ED000012B0AD0022B11D0264B00221A7001227E
:104EE00025490D4802F045F9C5E6224B01221A700A
:104EF00005222249084802F03CF9BCE61D4B02227B
:104F00001A7009221D49044802F033F9B3E600BFC4
:104F100070030020B40300202C030020C0010020F7
:104F2000A0010020D0000020C0000020BC00002014
:104F3000B8000020B4000020D40000205C01002054
:104F4000380100200000003800003443E000002059
:104F5000C80000200000B4420000B4C2000034C306
:104F6000C40000200000B443DC0000200000FA442C
:104F7000D8000020DF0100209001002091010020D6
:104F8000013BDBB2012B3FF676AE584B03221A7081
:104F9000574B1B78012B0AD0022B50D0534B0022C9
:104FA0001A7001225249534802F0E3F863E6504B6D
:104FB0005B79FF2B30D14E4B5A789C7844EA02241F
:104FC000DA78187940EA02204B4B19684B4BA3FB67
:104FD0000452D20802EB8205A4EB45040C7492B291
:104FE000A3FB0254E40804EB8405A2EB4502CA7358
:104FF0008C73A3FB0042D20802EB8204A0EB4400B6
:10500000C87492B2A3FB0203DB0803EB8300A2EB9C
:1050100040028A744B74C1E700248DF80440FF23DA
:105020008DF804304FF6FF73012201A9314801F0D9
:10503000CAFD2F4B1C605C609C60DC60AEE72C4BB3
:105040005B7AFF2B12D000248DF80440FF238DF8EB
:1050500004304FF6FF73012201A9264801F0B3FD89
:10506000234B1C605C609C60DC6097E7204B5978A8
:105070009A7842EA01222049086807EE902AF8EE61
:10508000E77AC0ED017A9FED1E7A67EE877A9FED91
:105090001D7AC7EE876AC0ED016ADC781A7942EAA8
:1050A000042207EE902AF8EEE77AC0ED007A0A684B
:1050B000D2ED007ADFED146A67EEA67AC7EE876A52
:1050C000C2ED006A58799A79096842EA00228A603A
:1050D000A2F5D242423A8A60DA790A731B7A4B739C
:1050E00000F036FB094A106058E700BFDF010020DE
:1050F000900100202C03002004000020CDCCCCCC5B
:105100000000204400007A440000F043CC0000205E
:1051100008B50268034B9A4200D008BD00F00CFBB2
:10512000FBE700BF0014004072B6FEE700B595B083
:105130003022002108A804F0EBF900230393049324
:105140000593069307930193204A116C41F0805117
:105150001164126C02F080520192019A02931C4B6E
:105160001A6842F480421A601B6803F48043029379
:10517000029B012308934FF48033099302220E927D
:105180004FF480030F9304231093A82111911292DE
:10519000139308A800F0B8FE98B90F2303930223D5
:1051A0000493002305934FF4A05306934FF48053C8
:1051B0000793052103A801F011F920B915B05DF896
:1051C00004FBFFF7B1FFFFF7AFFF00BF003802405D
:1051D0000070004070B500F095FAFFF7A7FFFFF7E9
:1051E000DBFCFFF7ADFC00F023F900F03BF900F029
:1051F00053F900F003F9244C2268D36843F01003FC
:10520000D36001222149224801F0B3FF214D212220
:105210002946204602F01EF81F4C204E1F22214630
:10522000304602F017F83268D36843F01003D360B9
:1052300021220021284604F06BF91F22002120467C
:1052400004F066F9FFF746FCFBF7F4FD00F080FA86
:105250000120FEF7E7FD0120FEF730FE0120FEF7FA
:105260009DFE0120FFF726F80220FEF727FE022010
:10527000FEF794FE0220FFF71DF8094800F06EFAD1
:10528000FBF7D8FDE4E700BFB40300209001002045
:105290002C0300205C010020C001002070030020CE
:1052A0008096980000B583B0002200920D4B596C97
:1052B00041F480415964596C01F480410091009996
:1052C0000192196C41F0805119641B6C03F08053FA
:1052D0000193019B0F216FF0010000F099FA03B0D8
:1052E0005DF804FB0038024030B589B00446002365
:1052F0000193214B1A6C42F020021A641B6C03F0DC
:1053000020030193019B02A903A801F03DF9069B2C
:10531000CBB901F019F90346184AA2FB03239B0CF1
:10532000013B1748174A026040F2E732C26043600F
:10533000002303618360836101F0B0FA054630B158
:10534000284609B030BD01F0FFF84300E4E70C48FF
:1053500001F03AF905460028F2D1372000F068FA4A
:105360000F2C01D90125EBE700222146372000F060
:105370004FFA054B1C60E3E70038024083DE1B4315
:10538000E00100200014004010000020FEE7FEE7CE
:10539000FEE7FEE7FEE7704708B5024800F0CAFBEB
:1053A00008BD00BF8802002008B5024801F02EFDAC
:1053B00008BD00BF2C03002008B5024801F026FDFF
:1053C00008BD00BFE802002008B5024801F044F91A
:1053D00008BD00BFE001002008B5024800F0AAFBAC
:1053E00008BD00BF28020020034AD2F8883043F4E9
:1053F0007003C2F88830704700ED00E008B50A4835
:105400000A4B03604FF4E133436000238360C360C1
:1054100003610C2242618361C36101F0A5FB00B905
:1054200008BDFFF781FEFBE7B403002000500040F9
:1054300008B50A480A4B03604FF4E1334360002388
:105440008360C36003610C2242618361C36101F028
:105450008BFB00B908BDFFF767FEFBE77003002078
:105460000010014008B50A480A4B03604FF4E133CD
:10547000436000238360C36003610C224261836147
:10548000C36101F071FB00B908BDFFF74DFEFBE7FA
:105490002C0300200044004008B50A480A4B036072
:1054A0004FF4E133436000238360C36003610C2247
:1054B00042618361C36101F057FB00B908BDFFF78A
:1054C00033FEFBE7E8020020004800402DE9F041F0
:1054D0008EB00446002309930A930B930C930D930B
:1054E00003687C4A93420DD07B4A93425ED07B4A4C
:1054F000934200F098807A4A934200F0BF800EB049
:10550000BDE8F08100250095764B1A6C42F48012BC
:105510001A641A6C02F480120092009A01951A6BB8
:1055200042F004021A631A6B02F004020192019A1B
:1055300002951A6B42F008021A631B6B03F0080312
:105540000293029B4FF4805309934FF00208CDF869
:10555000288003270C9708260D9609A9624800F0B9
:10556000D7FB04230993CDF828800B950C970D9653
:1055700009A95E4800F0CCFB5D485E4B03604FF02C
:10558000006343608560C5604FF4806303614561DB
:105590008561C5610562456200F0D4F918B9544BC4
:1055A000A3639C63ABE7FFF7BFFDF8E70025039516
:1055B0004C4B5A6C42F010025A645A6C02F01002C2
:1055C0000392039A04951A6B42F001021A631B6B53
:1055D00003F001030493049B4FF4C0630993022377
:1055E0000A9303230C9307230D9309A9424800F063
:1055F0008FFB4248424B03604FF00063436085607D
:10560000C5604FF48063036145618561C5610562D2
:10561000456200F097F918B9384BA3639C636EE7B5
:10562000FFF782FDF8E7002405942E4B1A6C42F434
:1056300000321A641A6C02F400320592059A06943C
:105640001A6B42F008021A631B6B03F008030693FF
:10565000069B6023099302230A9303230C930723D9
:105660000D9309A9214800F053FB2246062126206C
:1056700000F0CEF8262000F0DBF840E70024079485
:10568000184B1A6C42F480221A641A6C02F48022BD
:105690000792079A08941A6B42F004021A631B6B74
:1056A00003F004030893089B4FF44063099302231B
:1056B0000A9303230C9307250D9509A90A4800F0C6
:1056C00027FB22462946272000F0A2F8272000F0D9
:1056D000AFF814E7005000400010014000440040C3
:1056E000004800400038024000080240000C024020
:1056F00088020020106002400000024028020020C2
:105700004064024008B50B4B1A6842F400721A60FC
:105710001A6842F480621A601A6842F480721A6051
:10572000032000F063F80F20FFF7DEFDFFF7BAFD5E
:10573000002008BD003C0240034A1168034B1B785F
:105740000B441360704700BFF80300200C000020DA
:10575000014B1868704700BFF803002038B50446B5
:10576000FFF7F6FF0546B4F1FF3F02D0044B1B786C
:105770001C44FFF7EDFF401BA042FAD338BD00BF29
:105780000C000020002808DB0901C9B200F16040CC
:1057900000F5614080F80013704700F00F00090128
:1057A000C9B2014B1954704714ED00E000B500F088
:1057B0000700C0F1070CBCF1040F28BF4FF0040C28
:1057C000031D062B0FD9C31E4FF0FF3E0EFA0CF03F
:1057D00021EA000199400EFA03FE22EA0E0241EA94
:1057E00002005DF804FB0023EEE70000074AD368DF
:1057F00023F4E0631B041B0C000200F4E06003438D
:1058000043F0BF6343F40033D360704700ED00E022
:1058100010B50446054BD868C0F30220FFF7C6FF59
:1058200001462046FFF7AEFF10BD00BF00ED00E0CF
:10583000002807DB00F01F02400901239340024AC1
:1058400042F82030704700BF00E100E030B4056846
:105850002C6824F480242C60046863608368402BE7
:1058600005D0036899600368DA6030BC704703684C
:105870009A600368D960F8E710B40368D9B21039A8
:105880000A4AA2FB01421209094CA25CC2655F29C7
:1058900007D96FF3090304338365806D5DF8044B0A
:1058A00070476FF309038365F7E700BFABAAAAAAA5
:1058B000E8950008836A826992B9012B0AD0022B0D
:1058C00002D00BB100207047C36A13F0807F28D14B
:1058D00000207047C36AB3F1C07F24D00020704716
:1058E000B2F5005F09D0022B25D9032B25D1C36A5D
:1058F00013F0807F23D100207047032B03D8DFE80B
:1059000003F01404140A00207047C36A13F0807F68
:105910000DD100207047C36AB3F1C07F09D00020C9
:105920007047012070470120704701207047012017
:105930007047012070470120704700207047012008
:105940007047000070B50446FFF702FF002C5BD0E3
:105950000546022384F83530002384F83430226869
:10596000136823F00103136023681A6812F0010F13
:105970000AD0FFF7EDFE431B052BF5D92023636505
:10598000032084F8350070BD1A6820491140626810
:10599000A0680243E0680243206902436069024351
:1059A000A0690243E0690243206A02430A43616A34
:1059B00004291ED01A602668756925F00705636AF8
:1059C0001D43042B07D1A36A1D43E36A1BB1204684
:1059D000FFF770FF90B975612046FFF74DFFE26D4C
:1059E0003F239340836000206065012384F83530B5
:1059F000C9E7E16A206B01430A43DBE740236365A3
:105A0000012084F83500BEE70120BCE73F8010F09C
:105A100038B50446856D90F8340001282BD001205C
:105A200084F8340094F83500C0B2012804D0002373
:105A300084F83430022038BD022084F8350000207C
:105A400060652046FFF702FFE26D3F239340AB60A5
:105A50002268136843F016031360236C23B1226895
:105A6000136843F0080313602268136843F00103CE
:105A700013600020DFE70220DDE770B50446866D85
:105A8000FFF766FE94F83530DBB2022B06D0802398
:105A90006365002384F83430012070BD0546226818
:105AA000136823F0160313602268536923F0800300
:105AB0005361236CE3B12268136823F00803136079
:105AC0002268136823F00103136023681B6813F036
:105AD000010F11D0FFF73CFE431B052BF5D9202306
:105AE0006365032084F83500002384F83430D4E75C
:105AF000A36C002BDFD1E3E7E26D3F239340B3605B
:105B0000012384F83530002084F83400C5E790F88C
:105B10003530DBB2022B03D0802343650120704770
:105B2000052380F835300268136823F00103136001
:105B300000207047F0B583B0044600230193724BF8
:105B40001D68724BA3FB0535AD0A876D3E68C26DBB
:105B500008239340334210D003681A6812F0040FF0
:105B60000BD01A6822F004021A60C26D0823934019
:105B7000BB60436D43F001034365E26D0123934035
:105B8000334209D02268526912F0800F04D0BB6002
:105B9000636D43F002036365E26D04239340334277
:105BA00009D02268126812F0020F04D0BB60636D46
:105BB00043F004036365E26D10239340334224D025
:105BC0002268126812F0080F1FD0BB6023681A68A1
:105BD00012F4802F0DD01B6813F4002F04D1236C16
:105BE0009BB12046984710E0A36C73B120469847BC
:105BF0000BE01A6812F4807F03D11A6822F00802C1
:105C00001A60236C0BB120469847E26D2023934025
:105C1000334255D02268126812F0100F50D0BB608A
:105C200094F83530DBB2052B0ED023681A6812F4D5
:105C3000802F33D01B6813F4002F2AD1636C002B04
:105C40003ED0204698473BE02268136823F01603B5
:105C500013602268536923F080035361236CA3B15E
:105C60002268136823F008031360E26D3F2393401A
:105C7000BB60012384F83530002384F83430236D71
:105C8000002B3FD0204698473CE0A36C002BE7D187
:105C9000EBE7E36BA3B12046984711E01A6812F4D2
:105CA000807F09D11A6822F010021A60012384F85B
:105CB0003530002384F83430E36B0BB1204698472D
:105CC000636DFBB1636D13F0010F17D0052384F8EA
:105CD00035302268136823F001031360019B013300
:105CE0000193AB4204D823681B6813F0010FF5D170
:105CF000012384F83530002384F83430E36C0BB191
:105D00002046984703B0F0BD08000020B5814E1B27
:105D100000230F2B00F2E98070B582B065E0856842
:105D20004FEA430E032404FA0EF425EA0405CC6876
:105D300004FA0EF42C438460446824EA02044A689E
:105D4000C2F300129A40224342605CE0DC0808344F
:105D500050F8242003F00705AD004FF00F0E0EFAA7
:105D600005FE22EA0E0E0A69AA4042EA0E0240F837
:105D700024205CE0072200E0002202FA0EF22A430F
:105D800002345A4D45F82420594A94686FEA0C02AF
:105D900024EA0C054E6816F4801F01D04CEA040575
:105DA000534CA560E46802EA04054E6816F4001F2F
:105DB00001D04CEA04054E4CE560646802EA040533
:105DC0004E6816F4003F01D04CEA0405484C65606B
:105DD000246822404D6815F4803F01D04CEA04024B
:105DE000434C226001330F2B7DD801229A400C686E
:105DF00004EA020C32EA0404F4D14C6804F003040F
:105E0000013C012C8BD94A6802F00302032A09D015
:105E1000C4685D000322AA4024EA02048A68AA40FA
:105E20002243C2604A6802F00302022A8ED004684C
:105E30004FEA430E032202FA0EF224EA02044A68F1
:105E400002F0030202FA0EF2224302604A6812F4E0
:105E5000403FC7D000220192264A546C44F480444B
:105E60005464526C02F480420192019A9C08A51C71
:105E70001E4A52F8255003F0030E4FEA8E0E0F22F1
:105E800002FA0EF225EA02051B4A90423FF474AF73
:105E900002F5806290421AD002F58062904218D0DA
:105EA00002F58062904216D002F58062904214D0D2
:105EB00002F58062904212D002F58062904210D0CA
:105EC00002F5806290423FF455AF082255E7012267
:105ED00053E7022251E703224FE704224DE7052250
:105EE0004BE7062249E702B070BD70470038014019
:105EF000003C014000380240000002400AB18161CC
:105F00007047090481617047002800F0E08170B596
:105F100082B00446036813F0010F3BD09F4B9B688F
:105F200003F00C03042B2CD09C4B9B6803F00C0358
:105F3000082B21D06368B3F5803F4FD0B3F5A02F75
:105F400052D0964B1A6822F480321A601A6822F4F2
:105F500080221A606368002B50D0FFF7F9FB0546DA
:105F60008E4B1B6813F4003F14D1FFF7F1FB401B6D
:105F70006428F5D90320B1E1884B5B6813F4800FE6
:105F8000D8D0864B1B6813F4003F03D06368002B06
:105F900000F09F81236813F0020F54D07F4B9B6861
:105FA00013F00C0F3ED07D4B9B6803F00C03082BC5
:105FB00033D0E368002B68D0794B01221A60FFF7D9
:105FC000C7FB0546754B1B6813F0020F54D1FFF752
:105FD000BFFB401B0228F5D903207FE16F4A1368FD
:105FE00043F480331360B5E76C4B1A6842F48022A7
:105FF0001A601A6842F480321A60ABE7FFF7A8FB18
:106000000546664B1B6813F4003FC3D0FFF7A0FBA7
:10601000401B6428F5D9032060E1604B5B6813F4F2
:10602000800FC6D15D4B1B6813F0020F03D0E368ED
:10603000012B40F05081594A136823F0F80321697D
:1060400043EAC1031360236813F0080F42D0636969
:106050006BB3534B0122C3F8802EFFF779FB054643
:106060004E4B5B6F13F0020F34D1FFF771FB401BF7
:106070000228F5D9032031E1484A136823F0F803D8
:10608000216943EAC1031360DDE7454B00221A6032
:10609000FFF75EFB0546414B1B6813F0020FD2D0A1
:1060A000FFF756FB401B0228F5D9032016E13C4BB5
:1060B0000022C3F8802EFFF74BFB0546374B5B6F82
:1060C00013F0020F06D0FFF743FB401B0228F5D95F
:1060D000032003E1236813F0040F77D02F4B1B6CD0
:1060E00013F0805F33D1002301932C4B1A6C42F0E4
:1060F00080521A641B6C03F080530193019B0125AD
:10610000284B1B6813F4807F23D0A368012B34D065
:10611000052B38D0214B1A6F22F001021A671A6F33
:1061200022F004021A67A368002B3DD0FFF710FB92
:1061300006461A4B1B6F13F0020F46D1FFF708FB00
:10614000801B41F288339842F3D90320C6E0002532
:10615000D6E7144A136843F480731360FFF7F8FA24
:106160000646104B1B6813F4807FCED1FFF7F0FA80
:10617000801B0228F5D90320B0E0084A136F43F0D2
:1061800001031367CFE7054B1A6F42F004021A6749
:106190001A6F42F001021A67C5E700BF00380240DB
:1061A0000000474200700040FFF7D2FA0646524B0B
:1061B0001B6F13F0020F08D0FFF7CAFA801B41F2E1
:1061C00088339842F3D9032088E0EDB9A369002B06
:1061D00000F08380484A926802F00C02082A51D0ED
:1061E000022B17D0454B00221A66FFF7B1FA04467E
:1061F000414B1B6813F0007F42D0FFF7A9FA001B48
:106200000228F5D9032069E03B4A136C23F0805340
:106210001364DBE7394B00221A66FFF799FA05464B
:10622000354B1B6813F0007F06D0FFF791FA401B37
:106230000228F5D9032051E0E369226A1343626A18
:1062400043EA8213A26A5208013A43EA0243E26A2D
:1062500043EA0263284A5360284B01221A66FFF77B
:1062600077FA0446244B1B6813F0007F06D1FFF732
:106270006FFA001B0228F5D903202FE000202DE043
:1062800000202BE0012B2BD01B4B5B6803F480011B
:10629000E269914226D103F03F02216A8A4223D16A
:1062A000616A47F6C0721A40B2EB811F1ED103F437
:1062B0004031A26A5208013AB1EB024F18D103F003
:1062C0007063E26AB3EB026F14D1002006E0012094
:1062D0007047012002E0012000E0002002B070BD04
:1062E0000120FBE70120F9E70120F7E70120F5E7AE
:1062F0000120F3E70120F1E70038024000004742A7
:1063000008B5334B9B6803F00C03042B5BD0082BC0
:106310005BD12F4B5A6802F03F025B6813F4800F89
:106320002CD02B4B5868C0F388104FEA401CBCEBB4
:10633000000C6EEB0E0E4FEA8E1343EA9C634FEA9D
:106340008C11B1EB0C0163EB0E03DB0043EA5173DC
:10635000C90011EB000C43F10003590200234FEA7E
:106360004C2041EADC51FAF705FD194B5B68C3F399
:10637000014301335B00B0FBF3F008BD144B5868D8
:10638000C0F388104FEA401CBCEB000C6EEB0E0E05
:106390004FEA8E1343EA9C634FEA8C11B1EB0C0178
:1063A00063EB0E03DB0043EA5173C90011EB000CF1
:1063B00043F10003990200234FEA8C2041EA9C51EB
:1063C000FAF7D8FCD1E70348D7E70348D5E700BF81
:1063D0000038024000127A000024F400002800F087
:1063E0009B8070B50D4604464F4B1B6803F00703B6
:1063F0008B4208D2CBB24C4A1370136803F00703E8
:106400008B4240F08B80236813F0020F17D013F0FB
:10641000040F04D0454A936843F4E0539360236823
:1064200013F0080F04D0414A936843F4604393602B
:106430003E4A936823F0F003A1680B4393602368FE
:1064400013F0010F32D06368012B21D09A1E012A6C
:1064500025D9364A126812F0020F61D033498A6892
:1064600022F0030213438B60FFF772F906462F4BAD
:106470009B6803F00C036268B3EB820F16D0FFF742
:1064800067F9801B41F288339842F0D9032042E03B
:10649000264A126812F4003FE0D101203BE0234A73
:1064A000126812F0007FD9D1012034E01E4B1B6826
:1064B00003F00703AB4207D9EAB21B4B1A701B6803
:1064C00003F00703AB422DD1236813F0040F06D06D
:1064D000164A936823F4E053E1680B439360236802
:1064E00013F0080F07D0114A936823F46043216921
:1064F00043EAC1039360FFF703FF0C4B9B68C3F3B0
:1065000003130B4AD35CD8400A4B18600A4B186837
:10651000FEF7EAFE002070BD012070470120FAE777
:106520000120F8E70120F6E7003C02400038024075
:10653000D89500080800002010000020014B1868C2
:10654000704700BF0800002008B5FFF7F7FF044BB5
:106550009B68C3F38223034AD35CD84008BD00BFC5
:1065600000380240D095000808B5FFF7E7FF044B5C
:106570009B68C3F34233034AD35CD84008BD00BFD5
:1065800000380240D09500080F2303600B4B9A6837
:1065900002F0030242609A6802F0F00282609A6898
:1065A00002F4E052C2609B68DB0803F4E05303612D
:1065B000034B1B6803F007030B6070470038024071
:1065C000003C02407047000090F83D30DBB2012BE8
:1065D00037D1022380F83D300268D36843F00103CD
:1065E000D3600368194A934220D0B3F1804F1DD085
:1065F000A2F57C42934219D002F58062934215D0F5
:1066000002F58062934211D002F5784293420DD098
:1066100002F57052934209D0A2F59432934205D00C
:106620001A6842F001021A60002070479A6802F06E
:106630000702062A07D01A6842F001021A600020F9
:106640007047012070470020704700BF00000140E4
:10665000704770477047704710B5044603681A6961
:1066600012F0020F11D0DA6812F0020F0DD06FF0A5
:1066700002021A610123037703689B6913F0030F79
:1066800070D0FFF7E6FF0023237723681A6912F022
:10669000040F12D0DA6812F0040F0ED06FF004026B
:1066A0001A610223237723689B6913F4407F5FD02C
:1066B0002046FFF7CEFF0023237723681A6912F0E4
:1066C000080F12D0DA6812F0080F0ED06FF008022F
:1066D0001A61042323772368DB6913F0030F4ED07C
:1066E0002046FFF7B6FF0023237723681A6912F0CC
:1066F000100F12D0DA6812F0100F0ED06FF01002E7
:106700001A61082323772368DB6913F4407F3DD0A7
:106710002046FFF79EFF0023237723681A6912F0B3
:10672000010F03D0DA6812F0010F36D123681A691D
:1067300012F0800F03D0DA6812F0800F34D1236892
:106740001A6912F0400F03D0DA6812F0400F32D10C
:1067500023681A6912F0200F03D0DA6812F0200FB4
:1067600030D110BDFFF774FF2046FFF773FF8AE7B3
:106770002046FFF76DFF2046FFF76CFF9BE72046A2
:10678000FFF766FF2046FFF765FFACE72046FFF7FF
:106790005FFF2046FFF75EFFBDE76FF001021A6161
:1067A0002046FEF7B5FCC1E76FF080021A61204673
:1067B00000F0A1F8C3E76FF040021A612046FFF72E
:1067C0004AFFC5E76FF020021A61204600F092F8F8
:1067D000C7E700000368304A904212D0B0F1804F02
:1067E0000FD0A2F57C4290420BD002F5806290421D
:1067F00007D002F58062904203D002F578429042C1
:1068000003D123F070034A681343234A90422AD0ED
:10681000B0F1804F27D0A2F57C42904223D002F500
:10682000806290421FD002F5806290421BD002F538
:106830007842904217D002F57052904213D002F580
:10684000806290420FD002F5806290420BD0A2F598
:106850009832904207D002F58062904203D002F550
:106860008062904203D123F44073CA68134323F03B
:1068700080034A69134303608B68C3620B688362B9
:10688000054B984203D003F58063984201D10B6910
:1068900003630123436170470000014040B310B51A
:1068A000044690F83D30F3B1022384F83D30214690
:1068B00051F8040BFFF78EFF012384F8463084F86B
:1068C0003E3084F83F3084F8403084F8413084F81A
:1068D000423084F8433084F8443084F8453084F8FA
:1068E0003D30002010BD80F83C30FFF76BFEDBE749
:1068F0000120704770477047026802F10C0353E8AB
:10690000003F23F0C0030C3242E800310029F3D1EC
:10691000202380F83D307047026802F10C0353E8F1
:10692000003F23F490730C3242E800310029F3D188
:10693000026802F1140353E8003F23F0010314320C
:1069400042E800310029F3D1036B012B05D020234D
:1069500080F83E30002303637047026802F10C03A5
:1069600053E8003F23F010030C3242E800310029C5
:10697000F3D1ECE790F83D30DBB2212B01D00220BF
:1069800070478368B3F5805F17D0036A5A1C0262B0
:106990001A7803685A60C38C9BB2013B9BB2C384D4
:1069A0004BB90268D36823F08003D3600268D368D0
:1069B00043F04003D360002070470369002BE4D10B
:1069C000036A1B880268C3F308035360036A023337
:1069D0000362E0E710B504460268136923F44053EC
:1069E000C1680B431361836802691A4343691A4300
:1069F000C3691A430168CB6823F4164323F00C03E0
:106A00001343CB600268536923F4407381690B43DD
:106A100053610368314A934206D002F58062934283
:106A200002D0FFF791FD01E0FFF79EFDE369B3F5AA
:106A3000004F29D00021031849411B1841F10001E2
:106A4000C90041EA5371DB00181863684FEA8302FA
:106A50004FEA937341F10001FAF78CF9204AA2FB47
:106A600000314909642303FB11031B013233A2FBEC
:106A700003235B0903F0F00202EB011203F00F03A2
:106A8000216813448B6010BD0023021843EB0301FF
:106A9000121841F10001C90041EA5271D2001018E8
:106AA00041F10001626892185B41FAF763F90C4A00
:106AB000A2FB00314909642303FB1103DB003233DD
:106AC000A2FB03235B095A0002F4F87202EB0112E5
:106AD00003F00703216813448B60D4E700100140E2
:106AE0001F85EB512DE9F84305460F46164699469A
:106AF000DDF820802B681C6837EA04040CBF0124F1
:106B00000024B4422DD1B8F1FF3FF3D0B8F1000F0B
:106B100005D0FEF71DFEA0EB09004045EAD92A6822
:106B200002F10C0353E8003F23F4D0730C3242E827
:106B300000310029F3D12A6802F1140353E8003F21
:106B400023F00103143242E800310029F3D120235D
:106B500085F83D3085F83E30002385F83C30032031
:106B600000E00020BDE8F88358B310B5044690F863
:106B70003D300BB3242384F83D302268D36823F4DE
:106B80000053D3602046FFF725FF2268136923F4E2
:106B9000904313612268536923F02A0353612268EA
:106BA000D36843F40053D36000202064202384F88A
:106BB0003D3084F83E3010BD80F83C30FEF786FC56
:106BC000D8E7012070472DE9F04182B01E4690F8C9
:106BD0003D30DBB2202B54D104460D4690460029AF
:106BE00053D0002A53D090F83C30012B51D00123D0
:106BF00080F83C3000230364212380F83D30FEF709
:106C0000A7FD0746A4F82480A4F82680A368B3F55E
:106C1000805F05D04FF00008002384F83C3012E07C
:106C2000236913B14FF00008F6E7A8460025F3E703
:106C300038F8023B2268C3F308035360E28C92B237
:106C4000013A92B2E284E38C9BB273B100963B4668
:106C5000002280212046FFF745FFE0B9002DE7D054
:106C600015F8012B23685A60E8E700963B4600229E
:106C700040212046FFF736FF78B9202384F83D30C5
:106C800000E0022002B0BDE8F0810120FAE7012017
:106C9000F8E70220F6E70320F4E70320F2E7704765
:106CA00008B50168CA6822F04002CA60202280F854
:106CB0003D20FFF7F4FF002008BD7047704710B576
:106CC000846B23685A6994F83D30DBB2212B10D0D5
:106CD00023685A6902F0400294F83E30DBB2222B5E
:106CE00011D0236C43F0100323642046FFF7E6FF26
:106CF00010BD02F08002002AEAD00023E38420467F
:106D0000FFF7FAFDE4E7002AEBD00023E3852046F5
:106D1000FFF702FEE5E708B5806B0023C385C38457
:106D2000FFF7CCFF08BD704790F83E30DBB2222B56
:106D300067D18368B3F5805F4DD0826AB3F5805F19
:106D400004D0002B54D10369002B51D103685B6838
:106D50001370836A01338362C38D9BB2013B9BB284
:106D6000C385002B4FD100B583B00268D36823F0F0
:106D70002003D3600268D36823F48073D360026871
:106D8000536923F001035361202380F83E30036BE5
:106D9000012B33D100230363026802F10C0353E893
:106DA000003F23F010030C3242E800310029F3D1F8
:106DB00003681A6812F0100F06D0002201921A68B8
:106DC00001925B680193019B818DFFF7ACFF00206E
:106DD00003B05DF804FB0269002AAED1826A036841
:106DE0005B68C3F308031380836A02338362B3E7EB
:106DF00003685B6803F07F031370AAE7FDF72EFFBB
:106E0000E5E70220704700207047000010B582B00F
:106E1000044602681368D068516913F00F0F09D156
:106E200013F0200F0CD010F0200F09D02046FFF7F0
:106E30007BFF16E011F0010115D110F4907F12D103
:106E4000216B012979D013F0800F03D010F0800F4F
:106E500040F0108113F0400F03D010F0400F40F0CD
:106E60000D8102B010BD13F0010F06D010F4807F29
:106E700003D0226C42F00102226413F0040F04D00C
:106E800019B1226C42F00202226413F0020F04D006
:106E900019B1226C42F00402226413F0080F07D0EB
:106EA00010F0200F00D119B1226C42F008022264C8
:106EB000226C002AD5D013F0200F02D010F0200F42
:106EC00029D123685B6903F04003226C12F0080F9C
:106ED00000D163B32046FFF71FFD23685B6913F001
:106EE000400F20D0226802F1140353E8003F23F042
:106EF0004003143242E800310029F3D1A36B73B18F
:106F0000604A1A65A06BFEF702FE0028A9D0A06BAC
:106F1000036D9847A5E72046FFF706FFD1E7204617
:106F2000FFF7CCFE9DE72046FFF7C8FE99E7204615
:106F3000FFF7C4FE0023236493E713F0100F82D001
:106F400010F0100F3FF47FAF0023019313680193FB
:106F500053680193019B536913F0400F50D0A26B0B
:106F600013685B689BB2002B3FF47BAFA18D994205
:106F70007FF677AFE385D369B3F5807F37D022689A
:106F800002F10C0353E8003F23F480730C3242E813
:106F900000310029F3D1226802F1140353E8003FC5
:106FA00023F00103143242E800310029F3D12268B2
:106FB00002F1140353E8003F23F04003143242E887
:106FC00000310029F3D1202384F83E3000232363CD
:106FD000226802F10C0353E8003F23F010030C3247
:106FE00042E800310029F3D1A06BFEF746FDA18DE8
:106FF000E38D9BB2C91A89B22046FFF794FE30E7B1
:10700000A18DE38D9BB2C91A89B2E38D9BB2002B8F
:107010003FF427AF00293FF424AF226802F10C03AC
:1070200053E8003F23F490730C3242E8003000280C
:10703000F3D1226802F1140353E8003F23F0010367
:10704000143242E800300028F3D1202384F83E3087
:1070500000232363226802F10C0353E8003F23F06E
:1070600010030C3242E800300028F3D12046FFF72D
:107070005AFEF6E62046FFF77DFCF2E62046FFF7D3
:107080000FFEEEE6176D000808B5806B036B012B51
:1070900002D0FFF712FE08BD818D4908FFF743FEBD
:1070A000F9E708B50346806B1B681B6813F4807F03
:1070B0002BD10023C385026802F10C0353E8003F83
:1070C00023F480730C3242E800310029F3D10268C6
:1070D00002F1140353E8003F23F00103143242E8A5
:1070E00000310029F3D1026802F1140353E8003F94
:1070F00023F04003143242E800310029F3D1202369
:1071000080F83E30036B012B05D0036B012B0FD0B1
:10711000FDF7A4FD08BD026802F10C0353E8003F2F
:1071200023F010030C3242E800310029F3D1ECE7E0
:10713000818DFFF7F8FDEDE781628285C28500232E
:107140000364222280F83E2080F83C30036923B19A
:107150000268D36843F48073D3600268536943F0D4
:10716000010353610268D36843F02003D360002019
:10717000704708B590F83E30DBB2202B0DD171B1CD
:107180007AB190F83C30012B0DD0012380F83C30CF
:1071900000230363FFF7D0FF00E0022008BD0120B9
:1071A000FCE70120FAE70220F8E7000030B583B0E1
:1071B000044613468162828500250564222280F8F8
:1071C0003E20826B2048D063A26B20481064A26BE3
:1071D0001F48D064A26B156520680A46011DA06B8C
:1071E000FEF716FC019523681A6801925B6801930B
:1071F000019B84F83C5023695BB1226802F10C03C7
:1072000053E8003F43F480730C3242E80031002918
:10721000F3D1226802F1140353E8003F43F0010365
:10722000143242E800310029F3D1226802F114033C
:1072300053E8003F43F04003143242E80031002994
:10724000F3D1002003B030BDA3700008897000089E
:10725000BF6C000808B590F83E30DBB2202B0DD192
:1072600071B17AB190F83C30012B0DD0012380F838
:107270003C3000230363FFF799FF00E0022008BDC4
:107280000120FCE70120FAE70220F8E708B54FF0FB
:10729000E0231B6900F072F9012800D108BD00F05D
:1072A00069F8FBE743684B609A688A6051609960AF
:1072B00008610368013303607047036941688268AD
:1072C0008A60416851605A68824206D00022026199
:1072D0001A68013A1A601868704782685A60F5E7C0
:1072E000074B19680868B0E8F04F80F30988BFF3CE
:1072F0006F8F4FF0000080F311887047AFF300806C
:1073000084080020000000000000000000000000D1
:10731000EFF30980BFF36F8F154B1A681EF0100F43
:1073200008BF20ED108A20E9F04F10602DE9090018
:107330004FF0500080F31188BFF34F8FBFF36F8F72
:1073400000F0D0F84FF0000080F3118809BC1968F4
:107350000868B0E8F04F1EF0100F08BFB0EC108ABC
:1073600080F30988BFF36F8F704700BFAFF30080D1
:107370008408002008B54FF0500383F31188BFF351
:107380006F8FBFF34F8F00F021F828B14FF0E0234B
:107390004FF08052C3F8042D002383F3118808BDF9
:1073A000084B1B681B6823B9074B4FF0FF321A606C
:1073B0007047044B1B68DB68DB685A68024B1A6035
:1073C000704700BF2004002000040020F8B53A4BAD
:1073D0001B68002B69D1394B1D6801351D60C5B98B
:1073E000374B1B681B6843B14FF0500383F3118880
:1073F000BFF36F8FBFF34F8FFEE7314A1168314BF8
:10740000186810601960304A136801331360FFF781
:10741000C7FF2E4B1B68AB423DD900272C4B1B6886
:10742000DB6A03EB83039A002A4B9B58012B00D99C
:107430000127294B1B68002B3CD001273AE001278C
:107440001F4B1B681B6843B31D4B1B68DB68DC6864
:1074500063689D4226D3261D3046FFF72EFFA36AA0
:107460001BB104F11800FFF728FFE36A1B4A1268FA
:10747000934201D9194A136003EB83039A00314602
:1074800014481044FFF70EFFE26A114B1B68DB6AD9
:107490009A42D4D2D4E70027D2E70C4B4FF0FF3208
:1074A0001A60BBE7094A1360B8E70D4A1368013355
:1074B000136000273846F8BDFC03002018040020A4
:1074C000200400201C0400200404002000040020EC
:1074D0008408002024040020080400201404002054
:1074E0000C040020204B1B681BB1204B01221A60AA
:1074F00070471E4B00221A601D4B1B6803EB830173
:107500008A001C498A585AB90BB1013BF6E74FF083
:10751000500383F31188BFF36F8FBFF34F8FFEE7E4
:10752000084603EB83018A000244516849685160B0
:1075300003EB830C4FEA8C020832024491420BD0D9
:1075400003EB830291000B4A0A445268D1680A4A4D
:107550001160074A13607047486862469100054A07
:107560000A445060ECE700BFFC0300200804002040
:10757000140400202404002084080020054B1B680C
:1075800033B1054B1B680BB10020704702207047D8
:107590000120704710040020FC030020DFF834D0E5
:1075A0000D480E490E4A002302E0D458C45004335B
:1075B000C4188C42F9D30B4A0B4C002301E0136032
:1075C0000432A242FBD3FDF70FFF01F0BFFFFDF72E
:1075D00001FE70470000022000000020640000202F
:1075E000F099000864000020D4090020FEE70000A4
:1075F0002DE9F8438046894614461D4600F068FA96
:10760000224606460F46404649462B46F9F716FAEB
:1076100030B92046294600220023F9F7DDF918B9D0
:1076200030463946BDE8F88301F08AFF0022002386
:107630002121016010461946F9F790F806460F46D9
:1076400030463946BDE8F883F8B504460D4600F0EB
:1076500051F9224606460F462B4620462946F9F7A1
:10766000EDF930B92046294600220023F9F7BEF98A
:1076700010B930463946F8BD01F062FF0022002300
:107680002121016010461946F9F768F806460F46B1
:1076900030463946F8BD00BF10B52DED028B08EE1F
:1076A000101A08EE900A00F065FCB4EE488AF1EE7C
:1076B00010FA04460BD6F5EE408AF1EE10FA16D118
:1076C000B5EE408AF1EE10FA05D14FF07E54BDECD4
:1076D000028B204610BD18EE100A00F0ADF800280D
:1076E000F5D0B5EEC08AF1EE10FAF0D529E000F041
:1076F000A3F898B107EE904AF5EE407AF1EE10FA51
:10770000E5D118EE900A00F097F80028DFD018EEC7
:10771000100A00F091F80028D9D012E018EE900A73
:1077200000F08AF80028E5D018EE100A00F084F87E
:107730000028DFD007EE904AF4EE677AF1EE10FAF7
:1077400004D601F0FDFE22230360C0E701F0F8FE3D
:1077500021230360BBE700BF194920F000428A42A1
:107760001CD9B2F1FF4F06D307EE900A77EEE77A05
:1077700017EE900A704700B583B0694600F048FFE5
:1077800000F00302012A019900980FD0022A08D0C4
:107790008AB900F019FB03B05DF804FB002100F08A
:1077A00013BB00F011FB80F00040F4E700F094FB05
:1077B00080F00040EFE7012200F08EFBEBE700BF16
:1077C000D80F493F1B4920F000428A421DD9B2F12F
:1077D000FF4F06D307EE900A77EEE77A17EE900A8E
:1077E000704700B583B0694600F012FF00F0030057
:1077F0000128019914D002280BD0A8B900980122C1
:1078000000F06AFB03B05DF804FB0021002200F0E9
:1078100063BB0098012200F05FFB80F00040F1E7BD
:10782000009800F0D1FAEDE7009800F0CDFA80F072
:107830000040E7E7D80F493F20F00040B0F1FF4F8C
:10784000ACBF00200120704710B52DED028B0C4617
:1078500008EE100A00F034F818B9BDEC028B20468F
:1078600010BD204600F02CF830B107EE904AB4EE7F
:10787000E78AF1EE10FAF0DD18EE100ABDEC028B8B
:1078800010BD00BF10B52DED028B0C4608EE100A9E
:1078900000F016F818B9BDEC028B204610BD20464A
:1078A00000F00EF830B107EE904AB4EEE78AF1EE40
:1078B00010FAF0D518EE100ABDEC028B10BD00BF17
:1078C00030F000400ED0A0F50003B3F1FE4F0DD311
:1078D000074B421E9A4207D9A0F1FF40B0FA80F050
:1078E000400970470220704703207047042070470A
:1078F000FEFF7F002DE9F84F724D8D4306460F467F
:1079000000F0A48000290C460246034656DD081507
:1079100000F0C780C4F31302C107A0F2FF3742F49E
:10792000801203D4D90F01EB42025B005200002603
:1079300002EBD3727F105B001624B4464FF40011A3
:107940000CEB010090424FEAD3754FEA430303DC8E
:1079500000EB010C121A0E44013C05EB42024FEA07
:107960005101EDD1A04620254FF000400AE03CD067
:10797000510001EBD371013D0A464FEA43034FEA40
:1079800050003ED0944508EB000EF0DABEF1000F37
:107990000EEB00080CDBE146A2EB0C019E4588BF14
:1079A00001F1FF314900CC46A3EB0E030444E0E7AC
:1079B000B8F1000FEFDB0CF10109EDE721F0004514
:1079C00005433DD0002964D1DA0A153C5B05002A45
:1079D000FAD0D60220461946144663D520254FF02A
:1079E000FF32E940801A0C4394E79E4502D94FEAE2
:1079F0004C01BEE7BEF1000F0EEB000822DB0021B8
:107A0000D2E7194312D0DFF8C0A0DFF8C0B0DAE93E
:107A10000001DBE90023F8F7BFFBDAE90089024641
:107A20000B4640464946F8F7EBFFC8B965087310A6
:107A300003F17F5303F5001303EB075145EAC670CA
:107A4000BDE8F88FB8F1000FB5DAD8E702460B466B
:107A5000F8F75AFD32463B46F8F7A0FBBDE8F88F31
:107A6000B4F1FF3FDAE90001DBE9002326D0F8F7A3
:107A700095FBDAE9008902460B4640464946F8F78D
:107A8000B5FFE8B1A31C04F1020508BF01366D087B
:107A9000CDE70B46F8F780FB02460B46F8F75EFE93
:107AA000CEE7314600236400E5021A4603F10103E4
:107AB000F9D5C3F1200501FA03F392E70136B6E7E1
:107AC0000134B3E70000F07FF8950008F095000856
:107AD0002DE9F04723F000480D4652EA080104461C
:107AE00046D0B34925F0004A8A45A94640D85042BD
:107AF000B04E40EA020148EAD171B142964637D809
:107B0000C2451F46214605F0004C3BDCC0F2818097
:107B1000A2427ED800F0B380354243D1BAF1000FC3
:107B200032D1002C234640F32381A34A5B00002B73
:107B300002F1FF32FADC9F4B3B40002B40F091807A
:107B4000B8F1000F40F0DB80BEF1000F73466BDC34
:107B5000994E9A48801A1F2800F3EB8002F21E43C8
:107B600021FA03F30AFA00FA43EA0A03814068E0C3
:107B700020462946F8F7C8FC02460B46F8F7EEFD0A
:107B8000BDE8F08735420DD18C4A4FEACA235B002D
:107B9000002B02F1FF32CEDD5B00002B02F1FF3241
:107BA000F5DCC8E7834B4FEA2A523B40A2F2FF3292
:107BB00093B34FEA2850C9F31303A0F2FF3643F4FE
:107BC0008013A1EB0E00C7F3130545F48015921B3B
:107BD0000BD163E0013858D4A1EB0E04E30F013A56
:107BE00003EB40034FEA440156D07145A3EB050077
:107BF000F0D30028A1EB0E0447DB50EA0403EDD1DB
:107C00006F4B4FEADC7C03EBCC03D3E90001BDE80A
:107C1000F08720462946B3E7B8F1000F6FD1BEF1D7
:107C2000000F734640F3AF80634E5B00002B06F1FC
:107C3000FF36FADC614B9A428BDBC9F3130343F442
:107C400080135E4CA41B1F2C4ADC06F21E452EFA44
:107C500005F508FA04F00EFA04FE0543A1EB0E0048
:107C6000B5E7564CA41A4FEA28581F2CA8F2FF3645
:107C70006EDD544B9B1A01FA03F30021A3E7504B2E
:107C800003EB1C73D3E900017AE7C80F013A00EB5C
:107C900043034FEA4101A8D1A1EB0E005A1B8E45C8
:107CA00088BF02F1FF32002ABCBF08461A4652EADA
:107CB000000305D1A4E7C30F03EB42024000013EDD
:107CC000B2F5801FF7DB3D4B9E4221DBA2F580120F
:107CD00006F2FF3642EA0C0242EA065529464FE711
:107CE000384D921BA5EB06050EFA05F518BF4FF0AF
:107CF000000E7FF47AAF5A1B0846D4E72E4A2F4E67
:107D00004FEAC8235B00002B06F1FF36FADC91E74F
:107D10009B1B142B13DC06F21E41D84002FA01F122
:107D200042FA03F343EA0C0C41EA000261461046B2
:107D300026E7244B9B1A01FA03F3002181E71F2B4E
:107D400012DC06F21E4120FA03F38A401A43EDE7E3
:107D500002F21E4321FA03F30AFA04FA43EA0A0381
:107D6000A140A1EB0E002EE7164B9B1B1A41DDE74D
:107D7000104B3B407BB14FEA28500F4AA0F2FF3630
:107D8000E30A6105EDE7C9F313030B4E43F48013D7
:107D90000B2515245BE7B8F1000FAFD1BEF1000F42
:107DA0001346054A3FF740AF15201646D6E600BFFA
:107DB000FFFFEF7F0000F07FEDFBFFFF02FCFFFF06
:107DC00000960008E2FBFFFF20F00043B3F1485F9C
:107DD00006EE900A07EE901A2ED2BDEEE67A17EE66
:107DE000103A002B64D026EEA67A9FED336A9FED01
:107DF000334ADFED334A9FED335ADFED335AA7EEB6
:107E0000064A9FED326AE7EE044AA7EE245AA7EE2F
:107E1000056AE7EE065A67EE255A67EEE67AB6EE91
:107E2000006AE7EE257AF7EE006AD7EE067A76EE7C
:107E3000E77A17EE900A704726EEA67A9FED1E6A43
:107E40009FED1E4ADFED1E4A9FED1E5ADFED1E5AC2
:107E50001F4AA7EE064A93429FED1C6AE4EE074ACA
:107E6000A4EE875AA5EE076AE6EE075A65EE875A32
:107E7000D3D9184A934216D803F17F4306EE103A3D
:107E8000B7EE005A35EE465A67EEE67AF6EE006A2D
:107E9000E7EE257A97EE266A36EE676A75EE467A41
:107EA00017EE900A7047B6EE075AB5EE026AEBE796
:107EB0004FF07E50704700BF4ED747ADF6740F317C
:107EC0007CF293B4010DD037ABAA2A3D610BB6BA50
:107ED0009999993E0000483F20F00043B3F1485F74
:107EE00007EE900A06EE901A04D2BDEEE77A17EE7E
:107EF000103A83B327EEA77A9FED176ADFED174A92
:107F00009FED175ADFED175AE7EE064A9FED166A06
:107F1000A4EE875A27EE874AE5EE075AA5EE876A50
:107F200042B9DFED126AE7EE066AE6EE847A17EEF2
:107F3000900A704726EE446AF6EE005AA6EEA56A4D
:107F4000DFED0B5AD6EE076AE4EE256A77EEE67AA5
:107F500017EE900A70477047D3C92E2F342FD7B22F
:107F60001BEF3836010D50B98988083CABAA2ABEF0
:107F7000ABAA2A3E2DE9F0432DED028B83B001918F
:107F80000090DDE9004535F0004612D184F480040C
:107F9000640014F5000F1DD9DDED007A9DED017A26
:107FA00077EE877A17EE900A03B0BDEC028BBDE83E
:107FB000F08324F00047B7F1FF4F02D8B6F1FF4F2E
:107FC0000FD9B4F17E5FE7D185F480056D0015F51A
:107FD000000FE1D84FF07E5003B0BDEC028BBDE83E
:107FE000F083002CB84616DBB6F1FF4F00F0F780A7
:107FF000B6F17E5F00F02A81B5F1804F00F04A8132
:10800000B5F17C5F40F03A8103B0BDEC028BBDE876
:10801000F04300F0CDBCB6F1974F80F0ED80B6F1A3
:108020007E5F80F01B81B5F1804F00F03381B5F1A8
:108030007C5F40F0238100F01DFCB7F1FF4FB3D00F
:108040004FF00009002F00F0F280B7F17E5F00F0E2
:10805000E180E30F013B59EA030200F02681B6F10B
:108060009A4F40F24B81954A974240F24782944A98
:10807000974200F2548207EE900AB7EE007A37EE8C
:10808000C77ADFED905A9FED905AF5EE007AE7EE51
:10809000675AB6EE006AA5EEC76A67EE076ADFEDBB
:1080A0008B7ADFED8B5A66EE866A67EEE67AE7EE4C
:1080B000057AF0EE676AE7EE256A16EE902A6FF30E
:1080C0000B0206EE902AB0EE666AA7EE656A77EEBE
:1080D000C67A6FF30B0507EE105A9DED016ADDEDD0
:1080E000015A36EE476A67EEA57A26EE877AE6EE03
:1080F000267A09F1FF3959EA0309BFEE008A77EEC3
:10810000876AB7EE006A16EE903A18BFB0EE468A5C
:10811000002B23F0004240F3BF81B2F1864F00F202
:10812000438200F02782B2F17C5F00F20B820022D2
:1081300011466FF30B0305EE903A75EEC76A9FED9B
:10814000657A9FED653A9FED652ADFED653A9FED13
:10815000654ADFED654A9FED655A77EEE67A25EED2
:10816000877ADFED636AA7EEA67AF0EE002AF0EEDA
:10817000476AE5EE836A26EEA66AF0EE667AE6EED8
:10818000023AE5EEC37AA3EE864A77EE677AB0EE5E
:10819000647AA4EE067AE6EEA77AA7EE065AB0EE67
:1081A000667AA5EE467AF7EE005A26EE875A37EE43
:1081B000626A85EE067A77EE677A77EEE67A75EE92
:1081C000E77A17EE903A1344B3F5000FC0F2A0819E
:1081D00007EE903A67EE887A17EE900AE4E6B7F178
:1081E0007E5F3FF4F7AE35D9DFED427A0198002D7E
:1081F000B8BF17EE900AD7E6B6F1FF4FEFD04FF0B9
:108200000209009800F036FBB7F1FF4F02D0002FB3
:108210007FF41BAF002D07DA07EE100AF7EE007AA5
:10822000C7EE877A17EE900A002CBFF6BDAEA7F115
:108230007E5757EA090740F0288107EE900A77EE4B
:10824000E77AC7EEA77A17EE900AADE6002D18DBA5
:108250000098A9E6002D24DB0020A5E6F315C3F164
:10826000960346FA03F202FA03F3B34200F00081E8
:10827000B6F17E5FEAD0B5F1804F0BD04FF0000928
:10828000BFE79DED007AF7EE007AC7EE877A17EE2A
:10829000900A89E6DDED007A67EEA77A17EE900A7C
:1082A00082E6019B83F000407EE6DDED007A77EE0A
:1082B000E77AC7EEA77A17EE900A75E6F3FF7F3FDD
:1082C0000700803FABAAAA3E70A5EC363BAAB83F98
:1082D00000AAB83F8CBEBF350072313F4CBB313372
:1082E0000EEADDB555B38A38610B36BBABAA2A3E20
:1082F0001872313F000000000000804B14F0FF4F67
:1083000040F0FA805FED047A07EE100A67EE277AF4
:108310006FF0170217EE908AAB484FEAE851C8F3A6
:1083200016087F398045114448F07E5240F3DC80C6
:10833000A648804540F3FD80DFEDA55A0131F0EEFF
:10834000653AA2F50002B7EE006A002006EE902A18
:1083500076EE867AB7EE005AC5EE270A521042F042
:10836000005202F58022024436EEC67A07EE901AD9
:1083700027EE204AB8EEE75A14EE101A07EE902ABC
:10838000944A9FED951A9FED958ADFED951ADFEDE2
:10839000952A9FED952A9FED953A37EEC66A1140D2
:1083A00004EE901A76EEC66A24EE046AA4EEE77A2A
:1083B000F0EE417AE6EE087AA4EEE67AE7EE861A67
:1083C00027EE207AE1EE862A74EE247AA2EE862A3F
:1083D00026EE068AA2EE063A67EE877AB0EE080A23
:1083E000F0EE406AE8EE037AE4EEA46A9FED801AAC
:1083F000DFED801ADFED802A76EEA76A16EE901A7E
:10840000114006EE901A36EEC06AA4EEE46A77EEEA
:10841000C67A67EE847AE7EE267AB0EE676AA4EE53
:10842000A66A16EE101A114006EE101AB0EE467A41
:10843000A4EEE67A77EEC77A67EE817AE6EE217AE5
:1084400077EEA37AF0EE676AE6EE226A76EEA56A28
:1084500076EE856A16EE901A114006EE901A36EE08
:10846000C57A37EE657AA6EE627A77EEC77A30E69D
:10847000B6F17E5F3FF4EAAEB5F1804F3FF40AAF4C
:1084800002F00102C2F10209BBE6B9F1010F7FF46B
:108490008BAD80F0004087E558498A4200F28C801D
:1084A0007FF441AE76EEC76AF4EEE76AF1EE10FAB9
:1084B00080F2828003F50043514AC3F3C7507F38EE
:1084C000C3F31601024141F40001C0F117001A4044
:1084D0000141494206EE902A37EE667ACA0577EEE8
:1084E000876A16EE903A24E6DFED395AB7EE006A55
:1084F000F0EE653A002029E700220DE7002D10DBA1
:10850000002003B0BDEC028BBDE8F04300F048BA98
:1085100017EE900A00F0B2F907EE900A5AE6002D25
:10852000EEDD002003B0BDEC028BBDE8F04300F0AF
:108530003BBADFED345ADFED343AB7EE086A4FF458
:10854000001003E7D2157E3A4FF4000010411844A2
:108550002B4AC0F3C7547F3CC0F31601224141F4BB
:108560000001C4F11704002B41FA04F102EA0002F1
:10857000B0DAAEE79FED256A76EEC76A37EE866A17
:10858000B4EEE66AF1EE10FA0EDC03F500431C4A85
:10859000D8157F38C3F31601024141F40001C0F140
:1085A00017001A40014195E7B5EEC08AF1EE10FAC6
:1085B0004CBF01200020B5E7B5EEC08AF1EE10FAFD
:1085C0004CBF012000209CE771C41C00D6B35D00A5
:1085D0000000000000F0FFFF55326C3E42F1533EB8
:1085E00005A38B3EABAAAA3EB76DDB3E9A99193F15
:1085F0004F38763FA0C39D360038763F00001643C3
:10860000000080FF00C0153FDCCFD1353CAA3833D5
:1086100070B58A4A20F00044944286B00D4671D964
:10862000874A9442064624D820F000420028DFED15
:10863000857A854907EE100A22F00F0240F3E580A3
:108640008A4277EE677A09BF9FED807ADFED806A14
:10865000DFED806A77EEC77A012037EEE67A77EEB3
:10866000C77A85ED007A77EEE67AC5ED017A06B035
:1086700070BD794A944253D9B4F1FF4F47D2E21505
:10868000863AA4EBC25307EE903ABDEEE77ADFEDEF
:10869000736AB8EEC77A77EEC77A8DED037A67EE24
:1086A000A67ABDEEE77AB8EEC77A77EEC77A8DED97
:1086B000047A67EEA67AF5EE407AF1EE10FACDED87
:1086C000057A40F09D80B5EE407AF1EE10FA0CBFCD
:1086D00001230223624901910221009103A8294646
:1086E00000F06EF9002EC2DA95ED007AD5ED017A30
:1086F000B1EE477AF1EE677A85ED007AC5ED017A41
:108700004042B4E7002228604A600020AFE707EE4D
:10871000900A77EEE77AC1ED017AC1ED007AF4E7CD
:1087200000F0A8F8DFED4F6ADFED465A07EE100AB9
:10873000F6EE007AE7EE267ADFED456AFDEEE77A9F
:1087400017EE900AB8EEE76A1F28F0EE477AE6EED9
:10875000657A26EE267AF1EE465A20DC424A411E20
:1087600026F0004352F8212023F0FF03934216D055
:1087700077EEC76A77EEE67A002E77EEC77AC5ED18
:10878000006AC5ED017ABFF672AFF1EE666AF1EEEE
:10879000677AC5ED006AC5ED017A404267E777EE7A
:1087A000C76AE21516EE903AC3F3C753C3EBD4532E
:1087B000082BDFDDDFED256ADFED264AB0EE675AD4
:1087C000A5EEA65A37EEC57AA5EEA67A96EE247ADD
:1087D00075EE476A16EE903AC3F3C753D21A192AB8
:1087E00010DDDFED226ADFED224AF0EE457AE5EE9C
:1087F000A67A35EE677AA5EEA67A96EE247AB7E7E2
:10880000032367E7F0EE457AB4E78A4277EE277AEA
:1088100009BF9FED0E7ADFED0E6ADFED0E6A77EE8F
:10882000877A4FF0FF3037EEA67A77EEC77A85ED7C
:10883000007A77EEA67AC5ED017A18E7D80F493F9E
:10884000E3CB1640800FC93FD00FC93F00443537F6
:108850004344353708A3852E800F494300008043E9
:108860009096000884F9223F1096000800A3852EF8
:1088700032318D2420F00040704700BF30F00042BC
:10888000034643D0B2F1FF4F41D210F0FF4F22D147
:1088900007EE100ADFED2B7A2B4B67EE277A994211
:1088A00017EE900A3ADB4CF2503CC0F3C7526145D8
:1088B0000346A2F1190214DDDFED247ADFED246A0C
:1088C0000028B0EE677AB8BFF0EE667A67EE877A76
:1088D00017EE900A70474CF2503C61454FEAD25275
:1088E000EADC0A44FE2AE7DC002A20DC12F1160F3B
:1088F00022DB193223F0FF4343EAC253DFED157A3E
:1089000007EE103A67EE277A17EE900A704707EEE7
:10891000900A77EEA77A17EE900A704707EE100AD2
:10892000DFED0D7A67EE277A17EE900A704723F095
:10893000FF4343EAC2507047DFED077ADFED076A75
:10894000BEE700BF0000004CB03CFFFFCAF2497117
:10895000CAF249F1000000336042A20D6042A28DCC
:1089600038B505460C4600F0EBFD034628461C6072
:1089700038BD00BF07EE901A40B1B1EE677A67EEDE
:10898000277A222117EE900AFFF7EABFB0EE677A46
:1089900067EE277A222117EE900AFFF7E1BF00BFAA
:1089A0004FF08051FFF7E6BF4FF0E041FFF7E2BF25
:1089B00007EE900AF1EEE77A17EE900A704700BFD3
:1089C0002DE9F04F2DED048BDBB01C46944603934C
:1089D0000A469C4B68991CF1040F53F821608246AB
:1089E00004F1FF38C0F25982BCF1030348BF0CF117
:1089F0000403DB10029301334FEAC30EACEB0E030A
:108A00000593029B16EB0800A3EB080316D4013074
:108A10009FED8D7A699C18441EA9002BA4BF54F8C1
:108A2000235007EE905A03F10103ACBFF8EEE77A4A
:108A3000F0EE477A8342E1EC017AEED1002EC0F2EB
:108A4000C182039B1EA901EB830446AD4FEA830953
:108A50004046F7180AEB8301B8F1000FDFED7A7A90
:108A600009DBA3465346F3EC016A3BED017A8B42E6
:108A7000E6EE877AF7D10130B842E5EC017A04F1ED
:108A80000404E9D10DF1280B0BEB8603043BCDE97F
:108A9000062E0AEB090404930BEB86093346009675
:108AA0009FED6B9ADFED698A059ECDF820C046AF39
:108AB0005AAA02EB8302002B52ED146A4FEA830597
:108AC00015DD7A19594666EE897AB0EE667AFDEEC2
:108AD000E77A32ED016AF8EEE77ABA42A7EEE87A71
:108AE00077EE866ABDEEC77AA1EC017AEBD116EE7D
:108AF000900A31460193FFF7C1FE08EE100AF4EE2A
:108B0000007A68EE277A17EE900A00F087FA06EEF0
:108B1000900AB2EE007AF0EE487AE6EEC77A002EBE
:108B2000019BFDEEE79AB8EEE97A37EEC78A6CDD75
:108B300003F1FF3EC6F108025BF82E1041FA02FC79
:108B40000CFA02F28A1AC6F1070019EE901A4BF8D5
:108B50002E2002416144002A09EE901A00F3F680AB
:108B6000B5EE408AF1EE10FA40F0AA8000998B42EF
:108B70000ADD5D44002155F8040D4D4541EA000130
:108B8000F9D1002940F0F980009A013A5BF82220DF
:108B9000002A40F0ED80049A012052F8041D0130B3
:108BA0000029FAD003F1010E18447546039A1344C4
:108BB000029A02EB0E0C0CF1804C699A0CF1FF3C0E
:108BC00002EB8C0C1EAA07EB8E0E02EB8301DCED90
:108BD000017AF8EEE77AB8F1000F0CF1040CE1EC41
:108BE000017ADFED197A09DB0A465346F3EC016A94
:108BF00032ED017AA342E6EE877AF7D10135A84239
:108C0000EEEC017AE3DA034652E740F095805A1E13
:108C10005BF82220D211002AA2DD19EE901A002B57
:108C200001F1010109EE901A40F3DA8158464FF044
:108C3000000E50F8041B002977D0C1F5807140F870
:108C4000041C0CE0D49900080000000000008043E0
:108C50000000803B0168C1F1FF0140F8041B0EF1E8
:108C6000010E7345F6DC01218E46002E0ADD012E31
:108C700076D0022E06D1581E5BF8201001F03F0C72
:108C80004BF820C0022A7FF46BAFF7EE007A7146F2
:108C900037EEC88A00293FF463AF17EE900A3146D9
:108CA00009920193FFF7EAFD07EE900A38EE678A12
:108CB000019B099AB5EE408AF1EE10FA3FF456AFE7
:108CC0009246DDE9062EDDF820C0009E019318EEE5
:108CD000100AAEEB0C010092FFF7D0FD5FED256AA4
:108CE00007EE900AF4EEE67AF1EE10FADDE90023E1
:108CF000C0F249811FED2A7A059927EE877A08315B
:108D0000BDEEC77A0591B8EEC77A5C1CE7EE667ACD
:108D1000BDEEC77AFDEEE77A17EE901A4BF82310F6
:108D200017EE103A4BF824303FE00EF1010E9E454D
:108D3000FFF67FAF8E4698E7F6EE007AB4EEE78A4C
:108D4000F1EE10FA80F29880002209E70131002B41
:108D500009EE901A3FF76AAF0021012E8E4688D1A6
:108D6000581E5BF8201001F07F0C4BF820C089E7FB
:108D700003F1010E7546704618E79246DDE90512CB
:108D80005C1EA1F108005BF82410009E059061B9FB
:108D900003F18043013B0BEB8303014653F8040DC1
:108DA000013C08390028F9D00591059900924FF04F
:108DB0007E50FFF763FD002C07EE100A009AC0F208
:108DC0000581601C46AD5FED5E6A81000BEB8003A0
:108DD00005EB800073ED017AF8EEE77A5B4567EE0C
:108DE000877A27EE267A60ED017AF3D10DF1C80873
:108DF0000B1F46A8C718C646A44600259146002E5C
:108E000073DB844ADFED847A3846002301E0AB420D
:108E100008DCF2EC016AB0EC017A01339E42E6EE26
:108E2000877AF4DA0CF1FF3CBCF1FF3FEEEC017AFB
:108E300005F10105A7F10407E1D1689B022B4A4621
:108E400056DC002B2EDC0ED1DFED737A414431ED80
:108E5000017A414577EE877AF9D15346002B40F0ED
:108E6000AE80C2ED007A19EE903A03F007005BB0D5
:108E7000BDEC048BBDE8F08F19EE902A002B02F1B7
:108E8000010209EE902AC8BF02223FF7CFAEF7EEEB
:108E9000007A37EEC88A022262E600234FF0080EFD
:108EA0000293ABE59FED5C7A414471ED017A414557
:108EB00037EE277AF9D1DDED327A534677EEC77A6D
:108EC000002B75D182ED007A64B133A90123B1EC96
:108ED000017A01339C4277EE877AF8DA53460BB178
:108EE000F1EE677AC2ED017ABDE7DFED4B7A99E7E3
:108EF000689B032BB7D1002C7ED008EB840595ED41
:108F0000007AA0002B46294671ED017AF0EE476AFF
:108F100037EE277A414577EEC77A81ED007A77EE12
:108F2000A67AC1ED017AEFD1012C65D095ED007ADA
:108F300008F1040173ED017AF0EE476A37EE277A03
:108F4000994277EEC77A83ED007A77EEA67AC3ED81
:108F5000017AEFD1031DDFED307A434408F10808B0
:108F600033ED017A984577EE877AF9D15346DDEDF6
:108F7000326A9DED337A73B9C2ED006A82ED017AEF
:108F8000C2ED027A6FE7FDEEE77A1C4617EE901A03
:108F90004BF8231009E7F1EE666AB1EE477AF1EE7D
:108FA000677AC2ED006A82ED017AC2ED027A5AE771
:108FB000B1EE477A82ED007A002C86D190E7F1EE8F
:108FC000677A4EE7039B4FEA83095BE5689B022BB8
:108FD0000EDC002B13DC7FF446AFDFED0F7A3CE7AD
:108FE000022A7FF4BDADF7EE007A37EEC88AB7E506
:108FF000689B032B7FF437AFDFED077AB6E7534664
:10900000DDED327A13B9002313606BE74FF00043B4
:10901000136065E7A899000800000000C0F3C7537B
:109020007F3B162B07EE900A20F0004128DC002B36
:1090300016DB1D49194108421FD09FED1C7A37EEFF
:10904000877AB5EEC07AF1EE10FA16DD002804DA60
:109050004FF4000242FA03F3184420EA010070477B
:109060009FED127A37EE877AB5EEC07AF1EE10FAFC
:1090700003DD00280CDB0020704717EE900A7047D4
:10908000B1F1FF4FF9D377EEA77A17EE900A704748
:109090009FED077AFFEE007A00290CBF17EE100A49
:1090A00017EE900A704700BFFFFF7F00CAF24971B8
:1090B000000000802DE9F047089D0E4604460F464B
:1090C000002B4AD194468C45B2FA82F260D942B163
:1090D000C2F12003974020FA03F30CFA02FC1F436D
:1090E00094404FEA1C4E1FFA8CF6B7FBFEF1230C9E
:1090F0000EFB117743EA074301FB06F098420AD9B9
:109100001CEB030301F1FF3780F01581984240F218
:109110001281023963441B1AA4B2B3FBFEF00EFBAA
:10912000103344EA034400FB06F6A6420AD91CEBBE
:10913000040400F1FF3380F00081A64240F2FD807C
:109140006444023840EA0140A41B00211DB1D44010
:109150000023C5E90043BDE8F0878B4205D90DB176
:10916000C5E9000100210846F5E7B3FA83F10029BB
:1091700046D1B34202D3824200F2F580841A66EBF4
:10918000030201201746002DE5D0C5E90047E2E7BC
:10919000002A40F09380A1EB0C034FEA1C471FFA12
:1091A0008CFE0121B3FBF7F607FB1630230C43EAD4
:1091B00000430EFB06F0984208D91CEB030306F1AE
:1091C000FF3802D2984200F2D08046461B1AA4B261
:1091D000B3FBF7F007FB103344EA03440EFB00FE39
:1091E000A64508D91CEB040400F1FF3302D2A645C2
:1091F00000F2B6801846A4EB0E0440EA0640A5E74C
:10920000C1F120078B4022FA07FC4CEA030C06FA56
:1092100001FE20FA07F426FA07F344EA0E0400FAE6
:1092200001F84FEA1C404FEA1449B3FBF0FE1FFA65
:109230008CF600FB1E3349EA03430EFB06F9994501
:1092400002FA01F20BD91CEB03030EF1FF3A80F096
:109250008580994540F28280AEF1020E6344A3EB13
:109260000909A4B2B9FBF0F300FB139944EA0944DD
:1092700003FB06F6A64208D91CEB040403F1FF30F9
:1092800068D2A64266D9023B644443EA0E40A41B5E
:10929000A0FB02E6B4427346B14652D34FD05DB153
:1092A000B8EB030264EB090404FA07F722FA01F3AE
:1092B0001F43CC40C5E9007400214CE7C2F12001F6
:1092C00020FA01F30CFA02FC26FA01F1964033432E
:1092D0004FEA1C471FFA8CFEB1FBF7F007FB101694
:1092E000190C41EA064100FB0EF68E4204FA02F424
:1092F00008D91CEB010100F1FF382DD28E422BD989
:1093000002386144891B9BB2B1FBF7F607FB1611CB
:1093100043EA014306FB0EF1994208D91CEB030313
:1093200006F1FF3814D2994212D9023E63445B1A07
:1093300046EA004136E73946EDE6184602E7F045D1
:10934000ADD2BEEB020366EB0C060138B146A6E7D0
:109350004646ECE7034698E74046D3E7D6467EE725
:109360006444023847E708460DE7023E63442DE7B0
:10937000024B0146186800F025B800BF1400002019
:1093800070B50F4E0C463168054611B900F0C8F8AB
:1093900030602146284600F0C3F8431C03D14FF04B
:1093A000FF34204670BDC41C24F00304A042F8D052
:1093B000211A284600F0B4F80130F2D1EFE700BFDF
:1093C000880800202DE9F843CD1C25F00305083559
:1093D0000C2D38BF0C25002D064601DBA94204D90F
:1093E0000C2333600020BDE8F883DFF8D48000F060
:1093F00069F8D8F800301C4644BB29463046FFF7D0
:10940000BFFF431C044658D1D8F800402746002F20
:1094100043D1002C4BD023683946304604EB030976
:1094200000F07EF8814542D121686D1A2946304608
:10943000FFF7A6FF01303AD023682B442360D8F809
:1094400000305A6862BBC8F800700FE02268521BF7
:1094500020D40B2A17D96119A342256018BF59607F
:10946000636808BFC8F8001062514B60304600F0D6
:109470002FF804F10B00231D20F00700C21A1CBFB7
:109480001B1AA350AFE76268A3420CBFC8F80020C4
:109490005A60EBE723466468AEE73C467F68B6E770
:1094A0001A465B68A342FBD100235360DEE70C231E
:1094B0003360304600F00CF894E70560D6E700BF53
:1094C0008C080020014800F065B800BFCC090020DE
:1094D000014800F060B800BFCC090020884210B5F8
:1094E00001EB020402D98442234607D8431EA1425D
:1094F00008D011F8012B03F8012FF8E702440146C8
:109500008A4200D110BD13F8014D02F8014DF7E772
:1095100002440346934200D1704703F8011BF9E768
:1095200038B5064D0023044608462B6000F034F899
:10953000431C02D12B6803B1236038BDC809002049
:10954000014B1868704700BF1400002070B50D4D26
:109550000D4C641BA4100026A64209D10B4D0C4CE7
:1095600000F028F8641BA4100026A64205D170BDA7
:1095700055F8043B98470136EEE755F8043B984709
:109580000136F2E7E8990008E8990008E899000830
:10959000EC99000870477047044A05491368002B8E
:1095A00008BF0B461844106018467047D0090020C9
:1095B000D8090020F8B500BFF8BC08BC9E4670472B
:0C95C000F8B500BFF8BC08BC9E46704720
:1095D0000000000001020304000000000000000081
:1095E00001020304060708090006101600061016FB
:1095F00059F3F8C21F6EA501000000000000F03F03
:1096000000000000000000000000000000000080DA
:10961000000FC93F000F494000CB9640000FC940E2
:109620000053FB4000CB164100ED2F41000F494194
:109630000031624100537B41003A8A4100CB9641A0
:10964000005CA34100EDAF41007EBC41000FC94169
:1096500000A0D5410031E24100C2EE410053FB4180
:1096600000F20342003A0A420083104200CB164245
:1096700000141D42005C234200A5294200ED2F4248
:1096800000363642007E3C4200C74242000F49424B
:10969000A2000000F9000000830000006E0000003E
:1096A0004E000000440000001500000029000000EA
:1096B000FC0000002700000057000000D10000005F
:1096C000F500000034000000DD000000C0000000D4
:1096D000DB0000006200000095000000990000001F
:1096E0003C0000004300000090000000410000002A
:1096F000FE0000005100000063000000AB0000000D
:10970000DE000000BB000000C5000000610000009A
:10971000B7000000240000006E0000003A000000C6
:10972000420000004D000000D2000000E0000000F8
:1097300006000000490000002E000000EA000000C2
:1097400009000000D1000000920000001C00000091
:10975000FE0000001D000000EB0000001C000000E7
:10976000B100000029000000A70000003E0000003A
:10977000E80000008200000035000000F500000055
:109780002E000000BB000000440000008400000028
:10979000E90000009C0000007000000026000000AE
:1097A000B40000005F0000007E00000041000000E7
:1097B0003900000091000000D600000039000000D0
:1097C000830000005300000039000000F400000096
:1097D0009C000000840000005F0000008B0000007F
:1097E000BD000000F9000000280000003B00000060
:1097F0001F000000F800000097000000FF000000BC
:10980000DE00000005000000980000000F000000CE
:10981000EF0000002F000000110000008B0000008E
:109820005A0000000A0000006D0000001F00000048
:109830006D000000360000007E000000CF00000038
:1098400027000000CB00000009000000B700000066
:109850004F000000460000003F00000066000000CE
:109860009E0000005F000000EA0000002D000000E4
:109870007500000027000000BA000000C7000000CB
:10988000EB000000E5000000F10000007B0000009C
:109890003D0000000700000039000000F700000054
:1098A0008A0000005200000092000000EA00000060
:1098B0006B000000FB0000005F000000B100000032
:1098C0001F0000008D0000005D0000000800000087
:1098D00056000000030000003000000046000000B9
:1098E000FC0000007B0000006B000000AB000000EB
:1098F000F0000000CF000000BC00000020000000CD
:109900009A000000F4000000360000001D00000076
:10991000A9000000E30000009100000061000000C9
:109920005E000000E60000001B00000008000000D0
:109930006500000099000000850000005F00000045
:1099400014000000A00000006800000040000000BB
:109950008D000000FF000000D80000008000000023
:109960004D000000730000002700000031000000DF
:109970000600000006000000150000005600000070
:10998000CA00000073000000A8000000C900000029
:1099900060000000E20000007B000000C00000004A
:1099A0008C0000006B0000000000C93F0000F0398F
:1099B0000000DA370000A2330000842E0000502B94
:1099C0000000C2270000D0220000C41F0000C61BF8
:1099D0000000441704000000070000000900000018
:0899E000D4F6FF7F0100000036
:0499E800110E000854
:0499EC00E90D000879
:1099F00002000000E40000200024F4000100000048
:109A00001000000018000020000000009008002056
:109A1000F80800206009002000000000000000009D
:109A20000000000000000000000000000000000036
:109A30000000000000000000000000000000000026
:109A40000000000000000000000000000000000016
:049A50000000000012
:040000050800759DDD
:00000001FF
